,Time,User,Tweet,Analysis
0,2022-10-31 21:35:58+00:00,glenesis,"RT @terronk: Twitter laid me off today. If you know of any open positions for engineering managers or software engineers, let me know. I wa‚Ä¶","{'neg': 0.0, 'neu': 1.0, 'pos': 0.0, 'compound': 0.0}"
1,2022-10-31 21:35:57+00:00,GeniusTrader777,$TSLA üßê https://t.co/I7xwtuctkl,"{'neg': 0.0, 'neu': 1.0, 'pos': 0.0, 'compound': 0.0}"
2,2022-10-31 21:35:49+00:00,Kashayap12,"**Most profitable trading community. Get up to 574% profits
https://t.co/a0PYshZqXH
$SPY $QQQ $AMZN $NVDA $BA $TSLA $BABA $AMD $AAPL $BCH https://t.co/vuEPKjqrE6","{'neg': 0.0, 'neu': 0.757, 'pos': 0.243, 'compound': 0.7264}"
3,2022-10-31 21:35:44+00:00,RonBurg26977072,RT @MagnificentAnsw: @RonBurg26977072 @NotFeuerstein @pei_guy77 @LogarithmicDis Don't shorts know that TWTR has the IP addresses &amp; would ha‚Ä¶,"{'neg': 0.0, 'neu': 1.0, 'pos': 0.0, 'compound': 0.0}"
4,2022-10-31 21:35:38+00:00,EllaDavila6,"$TSLA '''Top analyst price target for next week '''
https://t.co/kJSoW8zWCA","{'neg': 0.0, 'neu': 0.833, 'pos': 0.167, 'compound': 0.2023}"
5,2022-10-31 21:35:32+00:00,Smith28301,"**Most profitable trading community. Get up to 574% profits
https://t.co/ZBTRgq0AN6

$SPY $QQQ $AMZN $NVDA $BA $TSLA $BABA $AMD https://t.co/AkLzIcF4ts","{'neg': 0.0, 'neu': 0.736, 'pos': 0.264, 'compound': 0.7264}"
6,2022-10-31 21:35:26+00:00,macronewswire,"ELON MUSK IS THE CHIEF EXECUTIVE OFFICER OF THE POST-MERGER COMPANY AFTER TWITTER DEAL - FILING
$TSLA $TWTR","{'neg': 0.0, 'neu': 1.0, 'pos': 0.0, 'compound': 0.0}"
7,2022-10-31 21:35:22+00:00,EllaDavila6,"$tsla '''Top analyst price target for next week '''
https://t.co/kJSoW8zWCA","{'neg': 0.0, 'neu': 0.833, 'pos': 0.167, 'compound': 0.2023}"
8,2022-10-31 21:35:05+00:00,MagnificentAnsw,"@RonBurg26977072 @NotFeuerstein @pei_guy77 @LogarithmicDis Don't shorts know that TWTR has the IP addresses &amp; would have to provide in a subpoena? Right, Chief Twit @elonmusk?

BTW, Elon, you can now find IP addresses of accts who bashed $TSLA, too, &amp; link them to owners.

They can run, but they can't hide.

$SAVA #Bullish In my opinion","{'neg': 0.0, 'neu': 0.963, 'pos': 0.037, 'compound': 0.2817}"
9,2022-10-31 21:34:38+00:00,Smith28301,"$SPY $SPX $QQQ $ES_F $NQ_F $RTY_F $ZB_F $GC_F $NDX $RUT $AAPL $NFLX $AMZN $TSLA $FB $MSFT $DIA $NDX $IWM $QCOM $GDX $DAX $ABOC $TWTR $GLD $SLV $BCZAX $AXYS $BPS 
To enhance your experience in trading and get instant help click here https://t.co/ZBTRgq0AN6 https://t.co/yzpwYZubIU","{'neg': 0.0, 'neu': 0.94, 'pos': 0.06, 'compound': 0.4019}"
10,2022-10-31 21:34:19+00:00,Richardsscrypto,"$ETH  TOP analysis price target for next week..üôè https://t.co/sNRg9LsXGN
 $LUNC  $OGN $BTC  $TSLA  $COMP  $SAND $GMT $RUNE $SOL $U $MATIC $ATOM $EGLD $SPY $XRP $GL $Y $TA $L $HATI $CAW $AMC $AAVE https://t.co/1gzAstfL5T","{'neg': 0.0, 'neu': 0.931, 'pos': 0.069, 'compound': 0.368}"
11,2022-10-31 21:34:10+00:00,lazbaztheborre,"RT @tslatalk: According to my model, $TSLA is trading at a forward PE of ~21. 

According to analysts it‚Äôs trading at a forward PE of 42‚Ä¶","{'neg': 0.0, 'neu': 1.0, 'pos': 0.0, 'compound': 0.0}"
12,2022-10-31 21:33:55+00:00,furualerts,"Furu MrMikeInvesting just tweeted about $TSLA at price $227.61 with 59 other furus. 

Stop losing money. Crysp is the first investment app that hedges your stocks with short positions. Download the app: https://t.co/nsYkPvlVOr https://t.co/SiZvm7YprC https://t.co/8AbyFAKt1i","{'neg': 0.127, 'neu': 0.873, 'pos': 0.0, 'compound': -0.5859}"
13,2022-10-31 21:33:49+00:00,Smith28301,"Xtrader Trades discord! 100% free!

Chatroom:https://t.co/ZBTRgq0AN6

$TSLA $DSA $KODK $DOW  $TRIP $BYND $MRNA $NOK $OXY $PSV $CRM $DGLY $IGC https://t.co/RBMs7n337X","{'neg': 0.11, 'neu': 0.732, 'pos': 0.158, 'compound': 0.2924}"
14,2022-10-31 21:33:48+00:00,Alejandra76vale,"RT @Haba_Mayo: No obstante, Sr. Guada√±a @BitacoraBolsa 
Faltan Guada√±azos, pues $AAPL y $TSLA aguantan. 
Mira a ver si aprietas el acelerad‚Ä¶","{'neg': 0.099, 'neu': 0.901, 'pos': 0.0, 'compound': -0.296}"
15,2022-10-31 21:33:28+00:00,Smith28301,"Free entry &amp; exit alerts daily!
Chatroom link below!

https://t.co/ZBTRgq0AN6

$RAVE $BOXL $GENE $OGEN $XSPA $CEMI $UAVS $TSLA $UONE $GNUS $JAKK $MARK $XELA $SINT $FRSX $BGG $IDEX $NOVN $OMI $TELL $JE $BNGO $ABUS  $BNGO $ABUS $ADMP https://t.co/V5xUT58H4t","{'neg': 0.0, 'neu': 0.903, 'pos': 0.097, 'compound': 0.5972}"
16,2022-10-31 21:33:25+00:00,Kashayap12,"I've  made 36k  with them . If you really want to make a huge profit on trading .... Choose this professional chat:  
https://t.co/a0PYshZqXH
$TSLA $NKLA $ROKU $AAPL $JPM $AMZN $MSFT $ZM $FB $NVDA $ETC https://t.co/qI5P6OiVWF","{'neg': 0.0, 'neu': 0.825, 'pos': 0.175, 'compound': 0.6997}"
17,2022-10-31 21:33:16+00:00,glen1macdonald,"@elonmusk And if I had LOST a dollar for every time you felt compelled to tweet about issues far outside your wheelhouse, I‚Äôd have lost a million dollars in $TSLA.  Oh wait‚Ä¶","{'neg': 0.15, 'neu': 0.816, 'pos': 0.034, 'compound': -0.6289}"
18,2022-10-31 21:33:15+00:00,YevP,"Like, if I was a @Tesla shareholder or board member, I‚Äôd be annoyed that resources are getting funneled to @Twitter instead of working to build value for $TSLA.

Especially since this wasn‚Äôt an M&amp;A purchase.","{'neg': 0.066, 'neu': 0.783, 'pos': 0.152, 'compound': 0.34}"
19,2022-10-31 21:33:04+00:00,WWong2022,"I would cancel my @netflix subscription to pay the $20/month...

What other services and subscriptions would you cancel? @disney @hbo @adobe @uber @grubhub???

Every company has been put on notice and didn't even realize it....

@elonmusk 

@garyblack00 @DivesTech @Tesla $TSLA","{'neg': 0.147, 'neu': 0.853, 'pos': 0.0, 'compound': -0.6553}"
20,2022-10-31 21:32:56+00:00,Nielo_Gan,I don't think lot of people are aware of Tesla $TSLA stock split üòÇüòÇ,"{'neg': 0.125, 'neu': 0.625, 'pos': 0.25, 'compound': 0.7003}"
21,2022-10-31 21:32:36+00:00,Smith28301,"Over 80k+ people. Join now
Discord groupüëá

https://t.co/ZBTRgq0AN6

$CGM $APT $JAKK $DYNT $SPV $LMND $GNUS $GRAF  $CLSN $CHFS $MARK $SHLO $NIO $DLPN $WKHS $CARV $SPY $SOLO $W $JAGX $INO  $BYFC $TSLA $SPY $BOXL $AAPL $AYRO $BNGO $PHUN https://t.co/SZDBawtzDk","{'neg': 0.06, 'neu': 0.891, 'pos': 0.049, 'compound': -0.128}"
22,2022-10-31 21:32:20+00:00,Jim_Talks,"Wonder how much they paid @lorakolodny and ‚Å¶@CNBC‚Å© to run this hit piece! #FakeNews by CNBS

$TSLA üöÄüöÄüíØüçªüëç https://t.co/XgNMgVS4Pv","{'neg': 0.0, 'neu': 1.0, 'pos': 0.0, 'compound': 0.0}"
23,2022-10-31 21:32:09+00:00,RRli18,"#TopNews
#Manufacturing 
#Neutral
$TSLA $UBER $PYPL 
2022/11/01 06:03
Elon Musk has pulled more than 50 Tesla employees into his Twitter takeover
https://t.co/v61zg4PPo6","{'neg': 0.0, 'neu': 1.0, 'pos': 0.0, 'compound': 0.0}"
24,2022-10-31 21:32:05+00:00,Dowstrademus,"$KGJI $NBEV $NCACW $OLITW $PBAXW $GMFIW $NPABW $TSLA $SPY $AAPL $GME $AMC - Get the Alert before the Move Automate, Sleep &amp; Earn with DRAT Smart Trader. Plan your trade.
https://t.co/yfMiXhVZqC
#dowstrademus #trading #stocks #option #options #DraTalerts #smarttrader https://t.co/cqxDNepc7P","{'neg': 0.0, 'neu': 0.883, 'pos': 0.117, 'compound': 0.5994}"
25,2022-10-31 21:32:05+00:00,EllaDavila6,"$tsla ALL THESE LEVELS POSTED AHEAD OF TIME BEFORE THE MARKET OPENED
https://t.co/rIgUWNhRRi","{'neg': 0.0, 'neu': 1.0, 'pos': 0.0, 'compound': 0.0}"
26,2022-10-31 21:32:00+00:00,Smith28301,"If you‚Äôre interested in day trading Stock and Option, You can check this chatroom&gt;https://t.co/ZBTRgpIZow

$KNDI $MICT $INO $AAPL $SRNE $NIO $CODX $ECOR $MRNA $F $SPY $QQQ $V $WMT $TA $TSLA $BA $MU $NKLA $STC  $FORD $NBY $MICT $SRNE $D $REDU $PT $WMT $GRNQ $NVDA $AMZN https://t.co/cenQBnmpDa","{'neg': 0.0, 'neu': 0.943, 'pos': 0.057, 'compound': 0.4019}"
27,2022-10-31 21:32:00+00:00,nachoww3,"@Mr_Drone $tsla positivo, hace rato q muestra fortaleza","{'neg': 0.0, 'neu': 1.0, 'pos': 0.0, 'compound': 0.0}"
28,2022-10-31 21:31:43+00:00,Tiger01255,"Get instant updates and free trials join here https://t.co/rFUdY4OUr5

$AMC $GME $NOK  $SPY $RH $BB $RKT $AAPL $AAL $NAKD $SOL $DAL $M $TSLA $SLV $X $FB $PT $NIO $KOSS $QQQ $TWTR $AMZN $GOOG $SDIG https://t.co/awL8sxHtZU","{'neg': 0.0, 'neu': 0.857, 'pos': 0.143, 'compound': 0.6705}"
29,2022-10-31 21:31:35+00:00,TechmemeChatter,"RT @YevP: It‚Äôs so weird to me that this is happening.

Bringing in Tesla engineers to overlook Twitter is more of a merger, less of a ‚Äúpurc‚Ä¶","{'neg': 0.079, 'neu': 0.921, 'pos': 0.0, 'compound': -0.3052}"
30,2022-10-31 21:31:29+00:00,Smith28301,"Follow us to get instant updates and free trading analysis https://t.co/ZBTRgq0AN6

$SPY $NDX $IWM $QQQ $BTC $ETH $AAPL $TSLA $AMC $ROKU $AFRM $MRNA $NURO $AMD $NVDA https://t.co/5wfz3SdM37","{'neg': 0.0, 'neu': 0.887, 'pos': 0.113, 'compound': 0.5106}"
31,2022-10-31 21:31:12+00:00,Smith28301,"S$AAPL $GOOG $GLD $QQQ $SPY $VFF $TLRY $KBH $LEN $GE $T $F $GM $TSLA $HTSC $GRNF $MTCH $RIOT $MARA $IRRZF $KOAN $INTC $IBO

Best discord group for the traders join here https://t.co/ZBTRgq0AN6 https://t.co/sR6FM2oPzI","{'neg': 0.166, 'neu': 0.683, 'pos': 0.151, 'compound': -0.1613}"
32,2022-10-31 21:30:55+00:00,Tiger01255,"Only in our Discord!! No body does it like  us join here 
https://t.co/rFUdY4OUr5

$AAPL $AMZN $SPCE $MELI $GOOGL $TWTR $FB $NIO $DOCU $RKT $FUBO $SHOP $WMT $MCD $DIS $MSFT $AMD $TSLA $ZM $SBUX $SNAP $MA $V $BA $CCL $RCL $QS $BKNG $RKT $LRCX $NNOX $SPY $IWM $NOW $SE $GS $BAC https://t.co/fgx0daVch3","{'neg': 0.096, 'neu': 0.822, 'pos': 0.082, 'compound': -0.1984}"
33,2022-10-31 21:30:36+00:00,nancylevine,RT @nancylevine: @elonmusk @paulg And NYT reported on your deleted conspiracy theory tweet about Paul Pelosi. And you called NYT ‚Äòfake.‚Äô So‚Ä¶,"{'neg': 0.139, 'neu': 0.861, 'pos': 0.0, 'compound': -0.5267}"
34,2022-10-31 21:30:32+00:00,JoTrader4,I know lots of good people in place but the statement is hard not to regard as fact at this point that $TWTR is definitely distracting Elon from $TSLA. With other resources temp being pulled from TSLA itself I hope it does not become a TSLA distraction also. https://t.co/Da8W2twPcK,"{'neg': 0.13, 'neu': 0.715, 'pos': 0.155, 'compound': 0.3716}"
35,2022-10-31 21:30:32+00:00,nancylevine,@elonmusk @paulg And NYT reported on your deleted conspiracy theory tweet about Paul Pelosi. And you called NYT ‚Äòfake.‚Äô So Elon Musk isn‚Äôt arbiter of journalism. #BoycottTwitterAdvertisers #BoycottTesla $TSLA https://t.co/QrfDJVJayn,"{'neg': 0.105, 'neu': 0.895, 'pos': 0.0, 'compound': -0.5267}"
36,2022-10-31 21:30:30+00:00,Smith28301,"$NET
#Winner üí∏üí∞üí∏
https://t.co/ZBTRgq0AN6
$NET gave us a nice pullback, on today 

$SPY $NDX $IWM $QQQ $BTC $ETH $AAPL $TSLA  $UPST $AMZN $AMD $PTON https://t.co/Jfh5NfzMFv","{'neg': 0.0, 'neu': 0.82, 'pos': 0.18, 'compound': 0.765}"
37,2022-10-31 21:30:27+00:00,ArmandVervaeck,RT @GerberKawasaki: Solar power is the best! $spwr $sedg $nee $enph $gk $tsla #tesla,"{'neg': 0.0, 'neu': 0.743, 'pos': 0.257, 'compound': 0.6696}"
38,2022-10-31 21:30:23+00:00,InvestmentSwami,RT @InvestmentSwami: üíØüöÄüíØüë≥‚Äç‚ôÇÔ∏èMMTLPüë≥‚Äç‚ôÇÔ∏èüíØüöÄüíØ $MMTLP $MMAT $MULN $BBIG $CGC $TLRY $ACB $GETY $TAL $PEGY $LU $APE $BBBY $RMSL $REV $GOEV $XELA $T‚Ä¶,"{'neg': 0.0, 'neu': 1.0, 'pos': 0.0, 'compound': 0.0}"
39,2022-10-31 21:30:21+00:00,hkinvestmentbot,"$NVDA: 135.0[1514 -91.1%] √ó 250 = $265K [-$2.71M] 1%
$QCOM: 117.7[149.5 -21.3%] √ó 500 = $462K [-$125K] 1%
$RCL: 53.38[449.7 -88.1%] √ó 50.0 = $20.9K [-$156K] 0%
$RKLB: 5.09[49.12 -89.6%] √ó 10.0K = $400K [-$3.46M] 1%
$TSLA: 227.5[208.6 +9.1%] √ó 250 = $447K [+$37.2K] 1%","{'neg': 0.0, 'neu': 1.0, 'pos': 0.0, 'compound': 0.0}"
40,2022-10-31 21:30:13+00:00,Smith28301,"‚ÄúInvest in what you consume‚Äù - Sha Osman
https://t.co/ZBTRgq0AN6

$LCID $AMZN $MSFT $HCMC $AAPL $SPY $TSLA https://t.co/hoVKFnMYMW","{'neg': 0.0, 'neu': 1.0, 'pos': 0.0, 'compound': 0.0}"
41,2022-10-31 21:30:06+00:00,DasFintechBot,"RT @thuhkang: Today's Most Active Puts... 

$TSLA $META $AAPL $AMZN $HD

üëâhttps://t.co/2s8fBQeg5O

#options #stockmarket #wallstreet #nasda‚Ä¶","{'neg': 0.0, 'neu': 0.857, 'pos': 0.143, 'compound': 0.4576}"
42,2022-10-31 21:30:04+00:00,Em34287682,"RT @WholeMarsBlog: Andrej @Karpathy on the massive potential of Tesla and why he may be interested in returning for an ""Act 2"" 

$TSLA @elo‚Ä¶","{'neg': 0.0, 'neu': 0.895, 'pos': 0.105, 'compound': 0.4019}"
43,2022-10-31 21:30:03+00:00,dratindexoption,$KGJI $NBEV $NCACW Put your portfolio on the right path with our #stocks trade alerts. Try it now for 14 days. No credit card required. #FinTwit #trading $TSLA $GME $AMZN https://t.co/WS6dUMPRGp,"{'neg': 0.068, 'neu': 0.932, 'pos': 0.0, 'compound': -0.2924}"
44,2022-10-31 21:30:02+00:00,Dowstrademus,$KGJI $NBEV $NCACW Put your portfolio on the right path with our #stocks trade alerts. Try it now for 14 days. No credit card required. #FinTwit #trading $TSLA $GME $AMZN https://t.co/AOnC7wMwmq,"{'neg': 0.068, 'neu': 0.932, 'pos': 0.0, 'compound': -0.2924}"
45,2022-10-31 21:30:02+00:00,DraTalerts,$KGJI $NBEV $NCACW Put your portfolio on the right path with our #stocks trade alerts. Try it now for 14 days. No credit card required. #FinTwit #trading $TSLA $GME $AMZN https://t.co/usWYH0VkLn,"{'neg': 0.068, 'neu': 0.932, 'pos': 0.0, 'compound': -0.2924}"
46,2022-10-31 21:30:01+00:00,DratSmartTrader,$KGJI $NBEV $NCACW Put your portfolio on the right path with our #stocks trade alerts. Try it now for 14 days. No credit card required. #FinTwit #trading $TSLA $GME $AMZN https://t.co/B2j9spkz6w,"{'neg': 0.068, 'neu': 0.932, 'pos': 0.0, 'compound': -0.2924}"
47,2022-10-31 21:30:00+00:00,thuhkang,"Today's Most Active Puts... 

$TSLA $META $AAPL $AMZN $HD

üëâhttps://t.co/2s8fBQeg5O

#options #stockmarket #wallstreet #nasdaq #nyse #fintech #blackboxPuts https://t.co/X5073sQFoG","{'neg': 0.0, 'neu': 0.87, 'pos': 0.13, 'compound': 0.4576}"
48,2022-10-31 21:29:59+00:00,hrtvdynai95504,"What does FOMC bring
$spy $spx $qqq $aapl $tsla #DowJones #stocks #aaple #spy #spx #qqq #oil #recession https://t.co/Jt5DIZ1FeS","{'neg': 0.141, 'neu': 0.859, 'pos': 0.0, 'compound': -0.4215}"
49,2022-10-31 21:29:57+00:00,GoodNewsStock,"@CNBCFastMoney @davidriedel If you want a more fair &amp; balanced understanding of China please dont use CNBC &amp; everyone on FM should also watch these videos so they cant stop being so biased &amp; wrong
Guy is right, If China falls US stocks like $aapl $tsla, $wmt, $nke would all get hit

https://t.co/YmCHL12oGt","{'neg': 0.092, 'neu': 0.735, 'pos': 0.173, 'compound': 0.4745}"
50,2022-10-31 21:29:53+00:00,daniedorn,"Week 44 - sold small positions, added proceeds to $META

$META 25.5%
$DDOG 8.6%
$MNDY 8.1%
$NET 8.1%
$TSLA 6.9%
$GTLB 5.2%
$TEAM 4.6%
$HUBS 4.5%
$MDB 4.2%
$SQ 3.7%
$NVDA 3.1%
$COIN 2.5%
$U 2.5%
$ZS 2.3%
$TSM 2.3%
$INTC 2.2%

Porto YTD +0.7%
$SPY YTD (18.7)%
$NDAQ YTD (29.9)% https://t.co/tJHtJL1K8G","{'neg': 0.0, 'neu': 1.0, 'pos': 0.0, 'compound': 0.0}"
51,2022-10-31 21:29:20+00:00,Smith28301,"$AAPL Trade ideaüí°
https://t.co/ZBTRgq0AN6

$AMC $SPY $GME $QQQ $MU $MSFT $AMD $PTON $AMZN $CRM $XLF $XLE $TSLA $AAL https://t.co/lcFvLI4OjN","{'neg': 0.0, 'neu': 1.0, 'pos': 0.0, 'compound': 0.0}"
52,2022-10-31 21:29:09+00:00,Sciences2Day,"RT @Teslaconomics: Whattttttttt!!! üëÄ 

Let‚Äôs go see it, can‚Äôt wait! üöÄ

If this goes as planned it will be history in the making. üí´ 

$TSLA‚Ä¶","{'neg': 0.113, 'neu': 0.887, 'pos': 0.0, 'compound': -0.471}"
53,2022-10-31 21:29:03+00:00,Smith28301,"80k+ members
Do join=&gt;https://t.co/ZBTRgq0AN6
 one of the largest stocks and options trading communities with real traders providing analysis.

$NVDA $TSLA $NDX $SPY $AAPL $BABA $NFLX $ROKU $BA $COST $MCD $WMT $FB $VIX $ES https://t.co/yTH74Un6mO","{'neg': 0.0, 'neu': 1.0, 'pos': 0.0, 'compound': 0.0}"
54,2022-10-31 21:29:00+00:00,tenDAYswings,$LVS $TSLA $XLY big money counting on consumer discretionary https://t.co/vZWAvmeI7r,"{'neg': 0.0, 'neu': 1.0, 'pos': 0.0, 'compound': 0.0}"
55,2022-10-31 21:28:57+00:00,mbojorquezpi,RT @3PeaksTrading: $TSLA also seasonally has had its best strength in November with 67% of time higher for an average gain in the month of‚Ä¶,"{'neg': 0.0, 'neu': 0.671, 'pos': 0.329, 'compound': 0.8957}"
56,2022-10-31 21:28:42+00:00,Smith28301,"Real-time trading alerts from our team of seasoned professionals, best trading room and global trading community. Check out today...https://t.co/ZBTRgq0AN6

$SPY $QQQ $AMZN $NVDA $BA $TSLA $BABA $AMD $AAPL $NFLX $TWTR $AAL $FB $USO $DAL $TWLO $UBER $UGAZ $DIS $ROKU $TVIX $CRON https://t.co/fSQ5CBqypE","{'neg': 0.0, 'neu': 0.907, 'pos': 0.093, 'compound': 0.6369}"
57,2022-10-31 21:28:13+00:00,patrickcomack,@mchooyah @elonmusk Musk is a @CIA agent $TSLA $TSLAQ,"{'neg': 0.0, 'neu': 1.0, 'pos': 0.0, 'compound': 0.0}"
58,2022-10-31 21:28:07+00:00,BLL_1973,RT @Umbisam: I suggest the whole $TSLA community to stop talking Twitter. Let‚Äôs put it behind us. It‚Äôs going to be a private affair for a f‚Ä¶,"{'neg': 0.078, 'neu': 0.922, 'pos': 0.0, 'compound': -0.296}"
59,2022-10-31 21:28:02+00:00,Kashayap12,"Become the best trader with us: 
https://t.co/a0PYshZqXH
$OXBR $AAPL $GLBS $INO $SQQQ $CBAT $TSLA $AAL $AMD $LINK https://t.co/t9V95AxB2v","{'neg': 0.0, 'neu': 0.802, 'pos': 0.198, 'compound': 0.6369}"
60,2022-10-31 21:27:58+00:00,arieswebb4,RT @Teslaconomics: There won‚Äôt be a close 2nd place. $TSLA https://t.co/1LHiGZwLuV,"{'neg': 0.0, 'neu': 1.0, 'pos': 0.0, 'compound': 0.0}"
61,2022-10-31 21:27:50+00:00,Smith28301,"ALWAYS zoom out the chart to see what‚Äôs really going on. 
https://t.co/ZBTRgq0AN6

$LCID $AMZN $MSFT $HCMC $AAPL $SPY $TSLA $FB $GOOG $BABA $SQ $NFLX $NVDA $BTC $SHOP $AMC $GME https://t.co/gvS9m1JzsK","{'neg': 0.0, 'neu': 1.0, 'pos': 0.0, 'compound': 0.0}"
62,2022-10-31 21:27:37+00:00,EllaDavila6,"$tsla ~ALL THESE LEVELS POSTED AHEAD OF TIME BEFORE THE MARKET OPENED
https://t.co/rIgUWNhRRi","{'neg': 0.0, 'neu': 1.0, 'pos': 0.0, 'compound': 0.0}"
63,2022-10-31 21:27:29+00:00,nancylevine,RT @nancylevine: @elonmusk Yeah and you‚Äôre Chief Clown. #BoycottTwitterAdvertisers #BoycottTesla $TSLA,"{'neg': 0.0, 'neu': 0.82, 'pos': 0.18, 'compound': 0.296}"
64,2022-10-31 21:27:26+00:00,RedFyv3,"There is a headline on @CNBC about how Elon Musk is forcing TSLA employees to work at Twitter. 

How do $TSLA shareholders feel about that?","{'neg': 0.0, 'neu': 1.0, 'pos': 0.0, 'compound': 0.0}"
65,2022-10-31 21:27:22+00:00,nancylevine,@elonmusk Yeah and you‚Äôre Chief Clown. #BoycottTwitterAdvertisers #BoycottTesla $TSLA https://t.co/QrfDJVJayn,"{'neg': 0.0, 'neu': 0.804, 'pos': 0.196, 'compound': 0.296}"
66,2022-10-31 21:27:16+00:00,Smith28301,"$FB $LOVE $WORK $AAL $AMD $MNTA $GLD $TWR $SLV $XOM $WMT $CCL $HD $TSLA $XLE $SPY $IWM $ES $WPX $BA $SPG $MCD $MFA $HTZ $AAPL $CHWY $QQQ $C $ES $AMC 

Alertsüî•

Updateüî•

Watchlist, Chart

CHATROOM üëá
Welcome https://t.co/ZBTRgq0AN6 https://t.co/9dFypjHhhn","{'neg': 0.091, 'neu': 0.759, 'pos': 0.15, 'compound': 0.6289}"
67,2022-10-31 21:27:00+00:00,SScalpings,"RT @BradMunchen: Zero news on how much @elonmusk paid out of pocket to finish the Twitter LBO. 

If the Saudis are the 2nd largest investor‚Ä¶","{'neg': 0.0, 'neu': 1.0, 'pos': 0.0, 'compound': 0.0}"
68,2022-10-31 21:26:39+00:00,Smith28301,"$SPX $SPY $AMZN $AAPL $AMD $FB $SHOP $BYND $NVDA $GOOGL $MSFT $TSLA $BA $CMG $INTC $NFLX $JPM $BAC $YM
Was able to close it for a 100%profit. https://t.co/ZBTRgq0AN6","{'neg': 0.0, 'neu': 1.0, 'pos': 0.0, 'compound': 0.0}"
69,2022-10-31 21:26:39+00:00,EuropeanTraders,Moody's has downgraded Twitter https://t.co/kzdesDsDO5  | $TSLA $SOFI $QQQ $NDX $VIX $UAL $SPX $AAL $RCL $DWAC $STEM $AHT $AAPL $DAL $PENN $LUV $F $MULN $ING $SIGA $TWTR $ATER $AMC $GLE $SAVE $DKNG $JETS $NIO $CZR $JBLU $CCL $NCLH $LCID $BBBY $ILAG $MGM  $BYD $GME $SPY  #DAX30 https://t.co/qVuGoktKSI,"{'neg': 0.0, 'neu': 0.921, 'pos': 0.079, 'compound': 0.6037}"
70,2022-10-31 21:26:36+00:00,adam_mcmillian,Not fading $TSLA ‚úÖ https://t.co/qsEqLwgkvR,"{'neg': 0.0, 'neu': 1.0, 'pos': 0.0, 'compound': 0.0}"
71,2022-10-31 21:26:26+00:00,YerbinY,RT @StatsTesla: October 31 update. Highest observed MY MIG VIN in Norway 38982. Estimated #GigaBerlin production 3045/week based on deliver‚Ä¶,"{'neg': 0.0, 'neu': 1.0, 'pos': 0.0, 'compound': 0.0}"
72,2022-10-31 21:26:17+00:00,10e100Joules,"RT @StockMKTNewz: Elon Musk has pulled more than 50 of his trusted Tesla $TSLA employees, mostly software engineers from the Autopilot team‚Ä¶","{'neg': 0.0, 'neu': 0.871, 'pos': 0.129, 'compound': 0.4767}"
73,2022-10-31 21:25:47+00:00,anthonyisonline,"RT @carlquintanilla: A visual illustration of Tesla‚Äôs head start.

(via Morgan Stanley) $TSLA https://t.co/GY7HrB9y5i","{'neg': 0.0, 'neu': 1.0, 'pos': 0.0, 'compound': 0.0}"
74,2022-10-31 21:25:33+00:00,CaptFinancial,"‚ö° Trending stocks across Captain:

1. $SPY
2. $META
3. $GME
4. $TSLA
5. $AAPL
6. $FSLR
7. $AMZN
8. $QQQ
9. $IWM
10. $AMC
+ $TWTR $SOFI $XOM $PBR $SHOP $ENPH $LLAP $ON $EMR $TSP $WYNN $ATNM $AMD $ANET $MSFT $UBER $ABNB $EFSH $L $RIVN 

Full list: https://t.co/7PkPMzGXGJ https://t.co/ouGnpM8bIE","{'neg': 0.0, 'neu': 1.0, 'pos': 0.0, 'compound': 0.0}"
75,2022-10-31 21:25:31+00:00,YevP,"It‚Äôs so weird to me that this is happening.

Bringing in Tesla engineers to overlook Twitter is more of a merger, less of a ‚Äúpurchase‚Äù - but that‚Äôs not how this was teed up. 

$TSLA shareholders should be annoyed, no? Aren‚Äôt there controls in place for this type of thing? https://t.co/7iiQJ0HlyC","{'neg': 0.097, 'neu': 0.903, 'pos': 0.0, 'compound': -0.6436}"
76,2022-10-31 21:25:20+00:00,Smith28301,"$TSLA $TAOP $JFK $CEMI $SPY $QQQ $SHOP $AMZN $NVDA $ROKU $EBAY $AMD $BB $DAL $DOW $KODK $AAPL 
Over 75k+ people. Join now
Discord GROUP https://t.co/ZBTRgq0AN6 https://t.co/44BIfD1OEC","{'neg': 0.093, 'neu': 0.83, 'pos': 0.076, 'compound': -0.128}"
77,2022-10-31 21:25:08+00:00,Kashayap12,"$TSLA $NIO $SPY $MDRR $FSLY $NOVN $AAPL $PT $ROKU $SOLO $DOGE
https://t.co/a0PYshZqXH
If you want to make real gains and make your own plays Today

  üö®

‚úÖStocks 
‚úÖOptions 
‚úÖDay trading 
‚úÖSwing TradinG

üìö Learn &amp;Earn https://t.co/oMaVBWepUa","{'neg': 0.0, 'neu': 0.892, 'pos': 0.108, 'compound': 0.5719}"
78,2022-10-31 21:25:08+00:00,cosmicfibretion,"And FWIW, @elonmusk financed the Twitter acquisition with an inflated valuation of $TSLA derived from the self-driving promise, and amplified by non other than @CathieDWood herself. Fail to innovate and the stock will drop like a hot potato.","{'neg': 0.12, 'neu': 0.708, 'pos': 0.172, 'compound': 0.34}"
79,2022-10-31 21:24:51+00:00,RetirementRight,"RT @StockMKTNewz: Elon Musk has pulled more than 50 of his trusted Tesla $TSLA employees, mostly software engineers from the Autopilot team‚Ä¶","{'neg': 0.0, 'neu': 0.871, 'pos': 0.129, 'compound': 0.4767}"
80,2022-10-31 21:24:48+00:00,hikingskiing,@teslamecrazy I want to substantially hold my shares without risking that they will be taken away from me if $TSLA suddenly spikes up. Rolling out the calls won't always work. I have a lot of experience with covered calls. So much so that I just hold my shares.,"{'neg': 0.0, 'neu': 0.847, 'pos': 0.153, 'compound': 0.7119}"
81,2022-10-31 21:24:46+00:00,TLCh_good,RT @Umbisam: I suggest the whole $TSLA community to stop talking Twitter. Let‚Äôs put it behind us. It‚Äôs going to be a private affair for a f‚Ä¶,"{'neg': 0.078, 'neu': 0.922, 'pos': 0.0, 'compound': -0.296}"
82,2022-10-31 21:24:46+00:00,hcrubin2009,#Tesla #stocks $TSLA #StocksInFocus https://t.co/Ja6ie2g6my,"{'neg': 0.0, 'neu': 1.0, 'pos': 0.0, 'compound': 0.0}"
83,2022-10-31 21:24:16+00:00,park_traffic,"I'm on Twitter because @elonmusk gives me one share of $TSLA for every ten times I like one of his tweets.

And I'm just a random nobody without a blue check. https://t.co/h6PsoZBSC1","{'neg': 0.0, 'neu': 0.865, 'pos': 0.135, 'compound': 0.5719}"
84,2022-10-31 21:24:10+00:00,BulldudeC,"US Stock Market Summary | October 31

https://t.co/ePOcGvMRhx

$AAPL $MSFT $GOOG $AMZN $TSLA $BRK-B $UNH $XOM $JNJ $V $WYNN $EQT $DVA $CTRA $SLB $PDD $ALGN $MELI $ODFL $ON $GPN $NWL $META $POOL $ABNB $META $NXPI $ASML $SPX $SPY $NDX $QQQ","{'neg': 0.0, 'neu': 1.0, 'pos': 0.0, 'compound': 0.0}"
85,2022-10-31 21:24:04+00:00,Gambiste1,"RT @EclipseTrades: Recap 10/31/2022
$PDD 2.24‚û°Ô∏è4.03 +80% üü¢
$SPY .80 ‚û°Ô∏è 1.25 +56% üü¢
$SHOP 1.18 ‚û°Ô∏è 1.57 +33% üü¢
$TSLA 4.80‚û°Ô∏è 6.40 +33% üü¢
$FSLR‚Ä¶","{'neg': 0.0, 'neu': 1.0, 'pos': 0.0, 'compound': 0.0}"
86,2022-10-31 21:23:44+00:00,mo_travelin,"RT @dantestrading: for instance, with 18b, $TSLA could buy:
$LTHM + $SGML + $LAC + $PLL + $SLI + $LTIM + $OROCF and might have enough lefto‚Ä¶","{'neg': 0.0, 'neu': 1.0, 'pos': 0.0, 'compound': 0.0}"
87,2022-10-31 21:23:35+00:00,FrenzyCapital,"Trending: Nasdaq 100

$GOOGL -1.74 %
$AMZN -0.96 %
$AAPL -1.52 %
$AMD -3.14 %
$MSFT -1.56 %
$TSLA -0.45 %
$NXPI -3.40 %
$ABNB -6.89 %
$EA -1.99 %
$QCOM -1.35 %

https://t.co/WV3qS0l6fi","{'neg': 0.0, 'neu': 1.0, 'pos': 0.0, 'compound': 0.0}"
88,2022-10-31 21:23:26+00:00,Akinsoncrypto,SHEESHH 400% GAINER ON ETH WE OUT HERE AT CT BOIS COME THRU FOR THE BANGERS       https://t.co/CtLEvQG3JD                     $LUNC  $OGN $BTC  $TSLA  $COMP  $SAND $GMT $SOL $U Y $XRP $GL $Y $TA $L $HATI $CAW $AMC $AAVE https://t.co/lX2kZQYf6Y,"{'neg': 0.0, 'neu': 1.0, 'pos': 0.0, 'compound': 0.0}"
89,2022-10-31 21:23:19+00:00,DCCWrules,@gurgavin $TSLA,"{'neg': 0.0, 'neu': 1.0, 'pos': 0.0, 'compound': 0.0}"
90,2022-10-31 21:23:02+00:00,EA_IFConsultant,These people has nothing to do at $TSLA? Is Twitter paying for them? https://t.co/NAYjLYoPWH,"{'neg': 0.0, 'neu': 1.0, 'pos': 0.0, 'compound': 0.0}"
91,2022-10-31 21:22:51+00:00,cdntradegrljenn,Well today was fun! I hope that your day was fabulous. Tomorrow is November! Typically November runs a hot market. $TSLA $XOM $LULU $SBUX $SPY $IWM $BVAXF $TXTM $DBMM $QQQ https://t.co/3hRsnk8VBT,"{'neg': 0.0, 'neu': 0.687, 'pos': 0.313, 'compound': 0.9059}"
92,2022-10-31 21:22:17+00:00,StockGravity,"@FinanceLancelot $AAPL and $MSFT have made more than the US oil co's for a decade. Big tech in general has been PRINTING money.

Where were the windfall profits taxes on $META $MSFT $AAPL $TSLA $NFLX $GOOG etc ?!!!","{'neg': 0.0, 'neu': 0.907, 'pos': 0.093, 'compound': 0.5826}"
93,2022-10-31 21:22:05+00:00,Sentileon,"Of our daily 8 picks, (4/8) OP $SPX by an avg. of 31 BPS with an avg. return of -0.43% vs -0.75% (SPX). 3 gained.
#trading #Trader #stocks #stockstowatch #Investment #StockMarket $SPY $QQQ $MSFT $AMZN $BABA $GOOG $TSLA $NVDA $AAPL $SPX $VIX  #SP500dailymarketreport https://t.co/YmI1sJVEdx","{'neg': 0.0, 'neu': 0.943, 'pos': 0.057, 'compound': 0.3818}"
94,2022-10-31 21:22:04+00:00,Smith28301,"$TSLA 
#WINNER
https://t.co/ZBTRgq0AN6
Another early long entry on this one from our levels. Price flew past our target. #satisfied 

$SPY $NDX $IWM $QQQ $BTC $ETH $AAPL $TSLA  $NVDA $NFLX $PLTR $UPST $SNAP https://t.co/CRUks6eqrS","{'neg': 0.0, 'neu': 0.809, 'pos': 0.191, 'compound': 0.8091}"
95,2022-10-31 21:21:55+00:00,TeslaJess,"Elon pulled 50 Tesla engineers to work on Twitter.

In other news, Twitter expected to drive itself next week.

$tsla 
$twtr https://t.co/rMYypM0Isu","{'neg': 0.0, 'neu': 1.0, 'pos': 0.0, 'compound': 0.0}"
96,2022-10-31 21:21:45+00:00,wallstreetmaes1,"RT @BarryKrugman: If you make your money work, one day you won't have to work...buy the dip folks $DPRO $TSLA $DTMXF 
#Generalstrike","{'neg': 0.0, 'neu': 1.0, 'pos': 0.0, 'compound': 0.0}"
97,2022-10-31 21:21:11+00:00,beardnotes,"BREAKING: Per source, #PedoGuy Elon Musk @elonmusk   fathered yet another child. This time with his best ""friend"".

Source: #QAnon 

#TSLA $TSLA #Telsa #TWTR #SpaceX #Twitter #ElonMusk #ThaiCaveRescue https://t.co/8bdbgQ1AiA","{'neg': 0.0, 'neu': 0.778, 'pos': 0.222, 'compound': 0.8126}"
98,2022-10-31 21:21:10+00:00,Smith28301,"Alerts given
Trading Chat on Discord!üëá

https://t.co/ZBTRgq0AN6

JOIN for FREE ‚úÖ

üí∏
$SPY $QQQ $AMZN $NVDA $BA $TSLA $BABA $AMD $AAPL $NFLX $TWTR $AAL $FB $USO $DAL $UBER $UGAZ $DIS $ROKU $CRON $DJIA $SPX $TLRY $SQ $MSFT $GLD $SRNE $SPCE $XOM $NIO $BYND $AMRN $UBER $BRKB $JWN https://t.co/9Nw5XSfnr8","{'neg': 0.042, 'neu': 0.844, 'pos': 0.113, 'compound': 0.6765}"
99,2022-10-31 21:21:02+00:00,LlcBillionaire,Elon Musk has pulled more than 50 Tesla employees into Twitter https://t.co/7DzpbwV62O  $TSLA $TWTR $DWAC $SNAP $META,"{'neg': 0.0, 'neu': 1.0, 'pos': 0.0, 'compound': 0.0}"
100,2022-10-31 21:20:54+00:00,NewsFinance_fr,"Depuis le d√©but de l'ann√©e :
$AAPL -13,7%
$MSFT -31%
$GOOG -34,6%
$TSLA -35,1%
$AMZN - 38,8%
$META -72,4%","{'neg': 0.0, 'neu': 1.0, 'pos': 0.0, 'compound': 0.0}"
101,2022-10-31 21:20:52+00:00,zeroshorts,"Are #Tesla shareholders ok with this?? 
#Twitter $TSLA $TSLAQ
""Musk has authorized dozens of Autopilot software engineers, and other Tesla employees, to do code reviews and more at the social network.""
https://t.co/Ll21f9HIhk","{'neg': 0.0, 'neu': 0.924, 'pos': 0.076, 'compound': 0.3736}"
102,2022-10-31 21:20:43+00:00,buckeyeguy124,"RT @StockMKTNewz: How the largest stocks have performed so far in 2022

Apple $AAPL -12.3%
Microsoft $MSFT -29.9%
Google $GOOGL -33.5%
Amaz‚Ä¶","{'neg': 0.0, 'neu': 1.0, 'pos': 0.0, 'compound': 0.0}"
103,2022-10-31 21:20:27+00:00,TheIdeaFarm,"RT @TheIdeaFarm: Tech names below all-time highs:

$META: - 74%
$NVDA: - 59%
$NFLX: - 57%
$AMZN: - 46%
$TSLA: - 45%
$GOOG: - 37%
$MSFT: - 3‚Ä¶","{'neg': 0.0, 'neu': 1.0, 'pos': 0.0, 'compound': 0.0}"
104,2022-10-31 21:20:25+00:00,IncomeSharks,@ScottNover You sound like the people that laughed at him with $TSLA.,"{'neg': 0.0, 'neu': 0.645, 'pos': 0.355, 'compound': 0.6705}"
105,2022-10-31 21:20:16+00:00,Skylimitrades,"$TSLA i am liking the direction of TSLA, but i think a small pause will take place at some point. So why not be ready. 200 EMA hanging around right under that wedge, would be crazy if it breaks down. üò±
DONT PREDICT, LEARN TO REACT. https://t.co/MGE49M6usL","{'neg': 0.223, 'neu': 0.746, 'pos': 0.031, 'compound': -0.9121}"
106,2022-10-31 21:20:07+00:00,tradeui,"$DKNG DraftKings Option Alert: Jan 20 $30 Puts at the Bid: 2750 @ $14.2 vs 5857 OI; Earnings 11/4 Before Open Ref=$15.8457 [10/31/2022, 8:11:44 AM] [+$900k] Other Sweeps on: $WCC $ANET $CIEN $TSLA $MJ $DOCU","{'neg': 0.0, 'neu': 0.939, 'pos': 0.061, 'compound': 0.296}"
107,2022-10-31 21:20:04+00:00,Smith28301,"https://t.co/ZBTRgq0AN6
Join now
$TSLA $NVDA  $MU $AMZN $MSFT $BABA $NFLX $ADBE $AXP $IBM $CSCO $CVX $INTC $DD $DIS $MCD $MMM $PG $TRV $UNH $NKE $UTX $VZ $WBA $WYNN $XLNX $ACN $FB $NFLX $DLTR $EA $SPY https://t.co/YZk6fqAw7Z","{'neg': 0.0, 'neu': 0.941, 'pos': 0.059, 'compound': 0.296}"
108,2022-10-31 21:19:32+00:00,Shaimiracle,"RT @RealJGBanks: üî• $100 Sunday Giveaway üî•

- RT ‚ôªÔ∏è 
- Like ‚ù§Ô∏è
- Comment your life‚Äôs dream ‚úçÔ∏è 

Must be following!
$SPY $SPX $TSLA","{'neg': 0.152, 'neu': 0.714, 'pos': 0.134, 'compound': -0.1511}"
109,2022-10-31 21:19:29+00:00,Smith28301,"Options + Stock Alerts
Discord link below

https://t.co/ZBTRgq0AN6

$APT $JAKK $DYNT $SPV $LMND $GNUS $GRAF $BIOL $NOVN $CHFS $AYRO  $CARV $SPY $SOLO $W $JAGX $INO  $BYFC $TSLA $SPCE $BOXL $AAPL $AYRO $BNGO $DKNG $APPL https://t.co/xgXIkC78k4","{'neg': 0.074, 'neu': 0.926, 'pos': 0.0, 'compound': -0.4019}"
110,2022-10-31 21:19:15+00:00,AngelaConnelli,RT @EvasTeslaSPlaid: Tesla excites me. $TSLA @Tesla https://t.co/6bcCn8SIdC,"{'neg': 0.0, 'neu': 0.693, 'pos': 0.307, 'compound': 0.4767}"
111,2022-10-31 21:19:11+00:00,Jesse_W33,Overnight watchlist using the best scanners around! Trade Ideas $SONN $ACOR with that 200day MA break and hold so far . $ATNM others to watch $NVDA $AMD $TSLA get 25% off TI and its AI Holly clicking here https://t.co/AkiDYKs0gN https://t.co/lGNuadAHxt,"{'neg': 0.0, 'neu': 0.897, 'pos': 0.103, 'compound': 0.6696}"
112,2022-10-31 21:19:03+00:00,ChartGuys,"VIDEO: Market Technical analysis 10/31/2022 https://t.co/hlIkRsCvHq

$SPX $SPY $IWM $QQQ $XLF $XLV $XBI $LABU $LABD $GDX $JNUG $USO $UNG $GDXJ $CCJ $SMH $TSLA $CGC $META $NIO $MSOS #Volatility #Biotech #Market #Stocks #Daytrader #Invest","{'neg': 0.087, 'neu': 0.913, 'pos': 0.0, 'compound': -0.4648}"
113,2022-10-31 21:18:50+00:00,VaresReiko,"RT @carlquintanilla: A visual illustration of Tesla‚Äôs head start.

(via Morgan Stanley) $TSLA https://t.co/GY7HrB9y5i","{'neg': 0.0, 'neu': 1.0, 'pos': 0.0, 'compound': 0.0}"
114,2022-10-31 21:18:23+00:00,Francislau2099,"RT @garyblack00: 2/ $TSLA fundamentals story:
- New gigafactory locations 
- Cytruck
- Semi
- FSD rollout at year-end
- M-$30 will signific‚Ä¶","{'neg': 0.0, 'neu': 1.0, 'pos': 0.0, 'compound': 0.0}"
115,2022-10-31 21:18:13+00:00,EA_IFConsultant,@StanphylCap Is he paying $TSLA for these ppl???,"{'neg': 0.0, 'neu': 1.0, 'pos': 0.0, 'compound': 0.0}"
116,2022-10-31 21:18:03+00:00,HHHHG1024,"$tsla 1d Update
Weak &amp; still trying, need $spx to move. Stopped @ 229 today. I'd try to put on small call position if pullback to 220-222.
Levels still the same 220-222, 229, 233, 242, 252-255, 260-265. https://t.co/3UJPyLutoh https://t.co/GfZwuB4nDv","{'neg': 0.115, 'neu': 0.885, 'pos': 0.0, 'compound': -0.5859}"
117,2022-10-31 21:18:03+00:00,Francislau2099,"RT @garyblack00: $TSLA fundamentals story remains extraordinary. 
- Global EV adoption is soaring 
- $7.5K US EV credit will stimulate EV a‚Ä¶","{'neg': 0.0, 'neu': 0.816, 'pos': 0.184, 'compound': 0.5423}"
118,2022-10-31 21:17:37+00:00,Sayter,"RT @StockMKTNewz: Elon Musk has pulled more than 50 of his trusted Tesla $TSLA employees, mostly software engineers from the Autopilot team‚Ä¶","{'neg': 0.0, 'neu': 0.871, 'pos': 0.129, 'compound': 0.4767}"
119,2022-10-31 21:17:08+00:00,Smith28301,"Thanks again for $BA and $AMZN üôè‚ù§Ô∏èThanks again for $BA and $AMZN üôè‚ù§Ô∏è

https://t.co/ZBTRgq0AN6

$ROKU $AYRO $NKLA $SAVE  $CACC $ESE $SPCE $FCEL $TRIP $BYND $MRNA $NOK $OXY $CCL $CRON $RCL $DGLY $HTZ $PENN $GMBL $CRNC $RGR $KTOV $GNUS $BA $FCEL $ZI $Z $ZM $NVDA $TSLA https://t.co/BlXiZ12YPB","{'neg': 0.0, 'neu': 0.88, 'pos': 0.12, 'compound': 0.7804}"
120,2022-10-31 21:16:59+00:00,RmckRk,"RT @StockMKTNewz: Elon Musk has pulled more than 50 of his trusted Tesla $TSLA employees, mostly software engineers from the Autopilot team‚Ä¶","{'neg': 0.0, 'neu': 0.871, 'pos': 0.129, 'compound': 0.4767}"
121,2022-10-31 21:16:55+00:00,badshouter,"RT @garyblack00: $TSLA fundamentals story remains extraordinary. 
- Global EV adoption is soaring 
- $7.5K US EV credit will stimulate EV a‚Ä¶","{'neg': 0.0, 'neu': 0.816, 'pos': 0.184, 'compound': 0.5423}"
122,2022-10-31 21:16:51+00:00,ShortingIsFun,$TSLA shareholders should be revolting against this move and the SEC should be investigating it. If the SEC actually cared about shareholders they would. https://t.co/nXUxu8Rnax,"{'neg': 0.0, 'neu': 0.896, 'pos': 0.104, 'compound': 0.4215}"
123,2022-10-31 21:16:50+00:00,Smith28301,"Alerts
Update
Watchlist, Chart 
Discord joining link

https://t.co/ZBTRgq0AN6

$AAL $NAKD $DYNT $INO  $SHLO $NIO $HMHC $MDLY $JILL  $GRIL $JAGX $INO  $BYFC $TSLA $SPY $BOXL $AAPL $AYRO $ACHV $ABUS $TLRY https://t.co/ohpRDLrBxX","{'neg': 0.085, 'neu': 0.915, 'pos': 0.0, 'compound': -0.4019}"
124,2022-10-31 21:16:34+00:00,Smith28301,"Highest volume options in the last hour:https://t.co/ZBTRgq0AN6

$IRNT, $TSLA, $BNS, $RKT, $VALE, $ET, $BMY, $EQT https://t.co/PRN6cUjEgF","{'neg': 0.0, 'neu': 1.0, 'pos': 0.0, 'compound': 0.0}"
125,2022-10-31 21:16:28+00:00,KevOfWallstreet,"DAY TRADING RECAP &amp; MARKET UPDATE! (GREEN HALLOWEEN!)

https://t.co/1T8fhkCZI8

#daytrading #investing #stocks #stockmarket #crypto $SPY $QQQ $TSLA $AAPL","{'neg': 0.0, 'neu': 1.0, 'pos': 0.0, 'compound': 0.0}"
126,2022-10-31 21:16:27+00:00,jimrockfordatSH,"RT @WallStCynic: A 20% stake in Glencore would cost $TSLA $15B. More to the point, 60% of Glencore‚Äôs 1H 2022 EBITDA came from‚Ä¶coal.","{'neg': 0.0, 'neu': 1.0, 'pos': 0.0, 'compound': 0.0}"
127,2022-10-31 21:16:07+00:00,StockMarketMcro,"@Twitter @TwitterSupport @paraga @vijaya DON'T COOPERATE.

@ELONMUSK WILL FIRE 75% OF YOU HE TOLD. EVEN HE SAYS NO HE WON'T HE IS JUST LYING TO GAIN YOUR KNOWLEDGE THEN FIRE ON LINE.

PROTEST - REVOLT 

JUST TELL $TSLA EMPLOYEE READ CODE DOCUMENTS. SEND MICROSOFT SHAREPOINT LINK","{'neg': 0.267, 'neu': 0.664, 'pos': 0.069, 'compound': -0.8986}"
128,2022-10-31 21:15:56+00:00,seabassreyes,"@TeslaAIBot @elonmusk i took 4.2 seconds to google the valuation, first result is ~300Billion. $TSLA will have to 10x+ again and have a consumer level general purpose robot before his shares are worth enough.","{'neg': 0.0, 'neu': 0.886, 'pos': 0.114, 'compound': 0.4767}"
129,2022-10-31 21:15:42+00:00,LeonSoren,"RT @garyblack00: 2/ $TSLA fundamentals story:
- New gigafactory locations 
- Cytruck
- Semi
- FSD rollout at year-end
- M-$30 will signific‚Ä¶","{'neg': 0.0, 'neu': 1.0, 'pos': 0.0, 'compound': 0.0}"
130,2022-10-31 21:15:19+00:00,trendtrader007,"$tsla @CNBC is one of the most anti-Elon anti-Tesla pro-Tslaq networks. I hope Elon supersedes CNBC million times over.
@elonmusk","{'neg': 0.0, 'neu': 0.868, 'pos': 0.132, 'compound': 0.4404}"
131,2022-10-31 21:15:17+00:00,4hoursniper,"Market review 10/31/2022: 

How did the big 5 do? ($MSFT $AAPL $AMZN $GOOG $TSLA) Not good
How did bonds do? Not good
How did $BTC do? Not good
How did #crudeoil do? Not good
How did #gold do? Matched the worst record in history!

But everyone is booolish. Makes sense $SPY $SPX","{'neg': 0.184, 'neu': 0.816, 'pos': 0.0, 'compound': -0.8231}"
132,2022-10-31 21:15:15+00:00,ProTrader_Vini,"Even on a choppy day - We made a $1.08 profit on the $SPY $385 Calls.

3 Trade Alerts in the Discord room.
3 Wins.

Traded $TSLA, $GOOGL &amp; $SPY.

Join the free Discord room for real-time alerts &amp; analysis. Link in Bio.

#SPY #TW0E #DayTrading #Alerts #TSLA https://t.co/Iil7M0puWU","{'neg': 0.089, 'neu': 0.711, 'pos': 0.2, 'compound': 0.7717}"
133,2022-10-31 21:15:08+00:00,Trekuno7064,"RT @StockMKTNewz: Elon Musk has pulled more than 50 of his trusted Tesla $TSLA employees, mostly software engineers from the Autopilot team‚Ä¶","{'neg': 0.0, 'neu': 0.871, 'pos': 0.129, 'compound': 0.4767}"
134,2022-10-31 21:14:47+00:00,Logan1Snow,"RT @BarryKrugman: If you make your money work, one day you won't have to work...buy the dip folks $DPRO $TSLA $DTMXF 
#Generalstrike","{'neg': 0.0, 'neu': 1.0, 'pos': 0.0, 'compound': 0.0}"
135,2022-10-31 21:14:38+00:00,charlylevy,"RT @carlquintanilla: A visual illustration of Tesla‚Äôs head start.

(via Morgan Stanley) $TSLA https://t.co/GY7HrB9y5i","{'neg': 0.0, 'neu': 1.0, 'pos': 0.0, 'compound': 0.0}"
136,2022-10-31 21:14:29+00:00,CraigAdler5,"RT @davidtayar5: Jim Chanos: Tesla Is a 'Hopes and Dreams' Stock, Elon Musk Is Distracted

üò≥üò≥

$TSLA https://t.co/9GKZ68opyi","{'neg': 0.093, 'neu': 0.695, 'pos': 0.212, 'compound': 0.4767}"
137,2022-10-31 21:14:04+00:00,skitontop1,"Live Day-Trading room, Free access this room and get live alerts. Check out now.. https://t.co/MmIMKJgO2f

$BABA $FB $BRK.B $BRK.A $TSM $V $WMT $JNJ $TSLA $PG $MA $NVDA $HD $JPM $UNH $VZ $ADBE $DIS $CRM $PYPL $NFLX $MRK $INTC $CMCSA $KO $BAC $T $PFE $NVS $NKE $SAP $TM $PEP $ABT https://t.co/PU3XDXMNSQ","{'neg': 0.0, 'neu': 0.937, 'pos': 0.063, 'compound': 0.5106}"
138,2022-10-31 21:14:02+00:00,BetSucess,"RT @carlquintanilla: A visual illustration of Tesla‚Äôs head start.

(via Morgan Stanley) $TSLA https://t.co/GY7HrB9y5i","{'neg': 0.0, 'neu': 1.0, 'pos': 0.0, 'compound': 0.0}"
139,2022-10-31 21:13:46+00:00,LillianGeary5,"$TSLA ""$45,00 a day keeps the 9 to 5 away; For a limited time, we are opening our trading chat-room to the public&gt;~
https://t.co/vEtdCbmCet","{'neg': 0.076, 'neu': 0.924, 'pos': 0.0, 'compound': -0.2263}"
140,2022-10-31 21:13:45+00:00,skitontop1,"STOCK, OPTIONS updates, alerts Free chatroom
Don't forget to take a trial! 
https://t.co/MmIMKJgO2f

$SPY $BABA $DVAX $ACB  $PENN $NVAX $NIO $AAL $NKLA $MSFT $AAPL $AMZN $TSLA $CCL $BILI $CVNA $DAL $TWTR https://t.co/oIwo2U7Wo9","{'neg': 0.0, 'neu': 0.851, 'pos': 0.149, 'compound': 0.6437}"
141,2022-10-31 21:13:44+00:00,mikekraft5,"RT @carlquintanilla: A visual illustration of Tesla‚Äôs head start.

(via Morgan Stanley) $TSLA https://t.co/GY7HrB9y5i","{'neg': 0.0, 'neu': 1.0, 'pos': 0.0, 'compound': 0.0}"
142,2022-10-31 21:13:42+00:00,atkinsoncrypto,"Most profitable crypto community sarver with Live alert quality update ,free LESSONS ,best analysis and free trial join here.üôè
https://t.co/gUJh5LuPui
$LUNC  $OGN $BTC  $TSLA  $COMP  $SAND $GMT $SOL $U Y $XRP $GL $Y $TA $L $HATI $CAW $AMC $AAVE https://t.co/ofG99qCZRn","{'neg': 0.0, 'neu': 0.662, 'pos': 0.338, 'compound': 0.9545}"
143,2022-10-31 21:13:40+00:00,TheDeepDive_ca,"RT @StanphylCap: Man, if I were a $TSLA shareholder I'd sure hope he was borrowing a group of totally disposable idiots...

Like, say, the‚Ä¶","{'neg': 0.0, 'neu': 0.725, 'pos': 0.275, 'compound': 0.7884}"
144,2022-10-31 21:13:28+00:00,beano629,$TSLA holders excited to hear this https://t.co/ygdDqRrIAT,"{'neg': 0.0, 'neu': 0.714, 'pos': 0.286, 'compound': 0.34}"
145,2022-10-31 21:13:27+00:00,skitontop1,"Free entries &amp; exits given daily!

Discord:https://t.co/MmIMKJgO2f

$ABUS $JDST $VXRT $LEJU $EMAN $TVIX $INPX $FUV  $AIMT $CCL $TUR $HAL $JPM $SOHU $TSLA $STNE $NET $PENN $WFC $GRPN $ATTO $UAA $GSX $MAXR $C $SPG $ON $AYX $GENE $NE $LULU https://t.co/mMOFlqZrbs","{'neg': 0.0, 'neu': 0.914, 'pos': 0.086, 'compound': 0.5562}"
146,2022-10-31 21:13:23+00:00,LillianGeary5,"$tsla ""$45,00 a day keeps the 9 to 5 away; For a limited time, we are opening our trading chat-room to the public&gt;~
https://t.co/vEtdCbmCet","{'neg': 0.076, 'neu': 0.924, 'pos': 0.0, 'compound': -0.2263}"
147,2022-10-31 21:13:22+00:00,EconomicManBlog,"@montana_skeptic Re-upping something that I called a ""tributary"" risk factor in the first Seeking Alphas article I wrote about $TSLA in Jan 2020.

$TSLAQ has almost never been wrong. We have been too early, but almost never wrong. https://t.co/SuRKkWwTem","{'neg': 0.037, 'neu': 0.855, 'pos': 0.108, 'compound': 0.4604}"
148,2022-10-31 21:13:15+00:00,StockMarketMcro,"$TSLA employees can't manage $TWTR @twitter code base period. 

Twitter uses $Amzn AWS. If @JeffBezos pulls the plug telling N words are trending on twitter which is against his corporate policy then twitter will like Parlor for 6 months @elonmusk.

@twitter employees PROTEST!","{'neg': 0.065, 'neu': 0.881, 'pos': 0.054, 'compound': -0.1343}"
149,2022-10-31 21:13:12+00:00,thequalityangel,RT @Umbisam: I suggest the whole $TSLA community to stop talking Twitter. Let‚Äôs put it behind us. It‚Äôs going to be a private affair for a f‚Ä¶,"{'neg': 0.078, 'neu': 0.922, 'pos': 0.0, 'compound': -0.296}"
150,2022-10-31 21:12:54+00:00,TslaFeed,"How is $TSLA stock?
Open: $226.19
High: $229.85
Low: $221.94
Close: $227.54
Volume: 61.5M
Should I buy?: Obviously","{'neg': 0.126, 'neu': 0.874, 'pos': 0.0, 'compound': -0.3527}"
151,2022-10-31 21:12:52+00:00,BigTech_News,"Elon Musk might resurrect Vine
$TSLA 
Powered by https://t.co/nPzL7131RD https://t.co/F46LVGeqRL","{'neg': 0.0, 'neu': 1.0, 'pos': 0.0, 'compound': 0.0}"
152,2022-10-31 21:12:43+00:00,YangDailyCast,"RT @carlquintanilla: A visual illustration of Tesla‚Äôs head start.

(via Morgan Stanley) $TSLA https://t.co/GY7HrB9y5i","{'neg': 0.0, 'neu': 1.0, 'pos': 0.0, 'compound': 0.0}"
153,2022-10-31 21:12:42+00:00,ArcoJedi,"It doesn't feel like a good way to run a company, especially one in which you have no experience, in this case a social media company. 

Is this how $TSLA was run? Does he really think this is a good idea? What a sad sack emo-baby.","{'neg': 0.142, 'neu': 0.751, 'pos': 0.106, 'compound': -0.2429}"
154,2022-10-31 21:12:40+00:00,Alan7111e,"RT @StockMKTNewz: Elon Musk has pulled more than 50 of his trusted Tesla $TSLA employees, mostly software engineers from the Autopilot team‚Ä¶","{'neg': 0.0, 'neu': 0.871, 'pos': 0.129, 'compound': 0.4767}"
155,2022-10-31 21:12:39+00:00,chandrubobby,"RT @StockMKTNewz: Elon Musk has pulled more than 50 of his trusted Tesla $TSLA employees, mostly software engineers from the Autopilot team‚Ä¶","{'neg': 0.0, 'neu': 0.871, 'pos': 0.129, 'compound': 0.4767}"
156,2022-10-31 21:12:18+00:00,TradesOceanic,Who has taken this! $SPY $SPX $TSLA $NVDA $GOOGL $AAPL,"{'neg': 0.0, 'neu': 1.0, 'pos': 0.0, 'compound': 0.0}"
157,2022-10-31 21:12:09+00:00,TechNewsClub,"Elon Musk has pulled more than 50 Tesla employees into his Twitter takeover $TSLA

Full take right here üóû https://t.co/lL4eh5vCtZ","{'neg': 0.0, 'neu': 1.0, 'pos': 0.0, 'compound': 0.0}"
158,2022-10-31 21:12:01+00:00,EclipseTrades,"Recap 10/31/2022
$PDD 2.24‚û°Ô∏è4.03 +80% üü¢
$SPY .80 ‚û°Ô∏è 1.25 +56% üü¢
$SHOP 1.18 ‚û°Ô∏è 1.57 +33% üü¢
$TSLA 4.80‚û°Ô∏è 6.40 +33% üü¢
$FSLR 3.45 ‚û°Ô∏è 4.10 +19% üü¢
$MRNA 5.50 ‚û°Ô∏è 6.20 +13% üü¢
$COIN 4.05 ‚û°Ô∏è 5.05 +27% üü¢
$XOM 0.83 ‚û°Ô∏è 1.02 +23% üü¢
$MSFT Swinging ‚ö™Ô∏è
Entries and Exits not max gains.","{'neg': 0.03, 'neu': 0.97, 'pos': 0.0, 'compound': -0.2584}"
159,2022-10-31 21:11:47+00:00,skitontop1,"Join the most profits trading alerts chatroom&gt;https://t.co/MmIMKJgO2f

$SPY $QQQ $NDX $DIA $IWM $NFLX $FB $INTC $SMH $AAPL $NVDA $TSLA $ES $YM $AMZN $BA $GS $JPM https://t.co/CJl64TyMV9","{'neg': 0.097, 'neu': 0.732, 'pos': 0.172, 'compound': 0.3313}"
160,2022-10-31 21:11:31+00:00,skitontop1,"$FB $LOVE $WORK $AAL $AMD $MNTA $GLD $TWR $SLV $XOM $WMT $CCL $HD $TSLA $XLE $SPY $IWM $ES $WPX $BA $SPG $MCD $MFA $HTZ $AAPL $CHWY $QQQ $C $ES $AMC 

Alertsüî•

Updateüî•

Watchlist, Chart

CHATROOM üëá
Welcome https://t.co/MmIMKJgO2f https://t.co/3ZEql7moDY","{'neg': 0.091, 'neu': 0.759, 'pos': 0.15, 'compound': 0.6289}"
161,2022-10-31 21:11:22+00:00,multibagger777,RT @Umbisam: I suggest the whole $TSLA community to stop talking Twitter. Let‚Äôs put it behind us. It‚Äôs going to be a private affair for a f‚Ä¶,"{'neg': 0.078, 'neu': 0.922, 'pos': 0.0, 'compound': -0.296}"
162,2022-10-31 21:11:22+00:00,StanphylCap,"Man, if I were a $TSLA shareholder I'd sure hope he was borrowing a group of totally disposable idiots...

Like, say, the ""Full Self-Driving"" team! https://t.co/NkQIIjCPrX","{'neg': 0.0, 'neu': 0.736, 'pos': 0.264, 'compound': 0.805}"
163,2022-10-31 21:11:19+00:00,StckPro,$TSLA NEW ARTICLE : Elon Musk has pulled more than 50 Tesla employees into his Twitter takeover https://t.co/jNhVKudYPT Get all the latest $TSLA related news here : https://t.co/pkDxPymu83 https://t.co/bgZvgVRzTZ,"{'neg': 0.0, 'neu': 1.0, 'pos': 0.0, 'compound': 0.0}"
164,2022-10-31 21:11:18+00:00,yysh7oo825,"RT @carlquintanilla: A visual illustration of Tesla‚Äôs head start.

(via Morgan Stanley) $TSLA https://t.co/GY7HrB9y5i","{'neg': 0.0, 'neu': 1.0, 'pos': 0.0, 'compound': 0.0}"
165,2022-10-31 21:11:12+00:00,skitontop1,"Hey guys, check out this chat room. It's been around since 2015, with real traders helping each other profit.
https://t.co/MmIMKJgO2f

$JE $PT $MARA  $STC $BTO $CSIQ $TATT $D $TSLA $NIO $GGAL $GS $LIVE $EXPI $ELP $ARCO $EGRX $ORA $NVTA $AMWL $VGR $CFB https://t.co/RD5s7vf4Xn","{'neg': 0.0, 'neu': 0.889, 'pos': 0.111, 'compound': 0.6249}"
166,2022-10-31 21:11:00+00:00,InvestmentSwami,üë≥‚Äç‚ôÇÔ∏èSWAMIS LIVEüë≥‚Äç‚ôÇÔ∏è $MMAT $MMTLP $BBIG $CGC $GETY $TAL $APE $BBBY $RMSL $REV $GOEV $XELA $TBLT $ADN $RDBX $LTRY $CEI $MULN $KAVL $BFRI $OCGN $TSLA $AMC $GME $CLOV $BB $FCEL $PTON $JMIA $NU $DOGE $HBAR $AMZN $MSFT $HOOD $NIO $META $RIOT $MARA $MSFT $AAPL $BTC $AVGO $INTC $ADBE $SAVE https://t.co/yxG1NdPh34,"{'neg': 0.067, 'neu': 0.871, 'pos': 0.061, 'compound': -0.1027}"
167,2022-10-31 21:10:52+00:00,LillianGeary5,"$tsla Top analyst price target for next week.!
https://t.co/vEtdCbmCet","{'neg': 0.0, 'neu': 0.793, 'pos': 0.207, 'compound': 0.2714}"
168,2022-10-31 21:10:45+00:00,PimpJuiceTrades,$TSLA gap up tomorrow. Taking out $233 making way for $250,"{'neg': 0.0, 'neu': 1.0, 'pos': 0.0, 'compound': 0.0}"
169,2022-10-31 21:10:35+00:00,skitontop1,"üî•Most active Trading Group üíØ 
https://t.co/MmIMKJgO2f

Alerts,Analysis
Stocks ‚òëÔ∏è
Options ‚úÖ
Day trading ‚úÖ
Swing Trading ‚òëÔ∏è

üî•
$SPY $TSLA $SHOP $AMZN $NVDA $ROKU $EBAY $AMD $BB $DAL $DOW $QQQ $ZNGA $AAPL $ESE $SPCE $FCEL $TRIP $SPX $NOK $OXY $GOOG $CRM $BA $WKHS $INO $TWTR https://t.co/xhpotSFlgz","{'neg': 0.039, 'neu': 0.918, 'pos': 0.043, 'compound': 0.0772}"
170,2022-10-31 21:10:29+00:00,StockMarketMcro,"$TWTR @Twitter This does not look good @elonmusk has pulled 50 $TSLA employees .

Why?

Twitter employees are not cooperating. All have startup ready. Fire them pay them severance they are happy to go.

Some of these employees may be moonlighting already. Take lay off package bye https://t.co/W8OQ2EzAi4","{'neg': 0.112, 'neu': 0.776, 'pos': 0.112, 'compound': 0.2486}"
171,2022-10-31 21:10:22+00:00,baconbombs,"RT @StockMKTNewz: Elon Musk has pulled more than 50 of his trusted Tesla $TSLA employees, mostly software engineers from the Autopilot team‚Ä¶","{'neg': 0.0, 'neu': 0.871, 'pos': 0.129, 'compound': 0.4767}"
172,2022-10-31 21:10:22+00:00,wanda_hudson,RT @Umbisam: I suggest the whole $TSLA community to stop talking Twitter. Let‚Äôs put it behind us. It‚Äôs going to be a private affair for a f‚Ä¶,"{'neg': 0.078, 'neu': 0.922, 'pos': 0.0, 'compound': -0.296}"
173,2022-10-31 21:10:07+00:00,atkinsoncrypto,"$ETH  TOP analysis price target for next week..üôè https://t.co/gUJh5LuPui
 $LUNC  $OGN $BTC  $TSLA  $COMP  $SAND $GMT $RUNE $SOL $U $MATIC $ATOM $EGLD $SPY $XRP $GL $Y $TA $L $HATI $CAW $AMC $AAVE https://t.co/mXYDp0fgEJ","{'neg': 0.0, 'neu': 0.931, 'pos': 0.069, 'compound': 0.368}"
174,2022-10-31 21:10:06+00:00,daughtersdaddy9,"RT @Factschaser: Tesla market share in China continued to plunge in 2022. China is a key market for $TSLA, generating 50% of its sales and‚Ä¶","{'neg': 0.0, 'neu': 0.916, 'pos': 0.084, 'compound': 0.296}"
175,2022-10-31 21:09:48+00:00,JoshLColeman3,"RT @StockMKTNewz: Elon Musk has pulled more than 50 of his trusted Tesla $TSLA employees, mostly software engineers from the Autopilot team‚Ä¶","{'neg': 0.0, 'neu': 0.871, 'pos': 0.129, 'compound': 0.4767}"
176,2022-10-31 21:09:48+00:00,newsfilterio,Elon Musk has pulled more than 50 Tesla employees into his Twitter takeover $TWTR-MX $TSLA $TWTR-MX/ $TSLA/ $UBER/ https://t.co/eMuqNylwF7,"{'neg': 0.0, 'neu': 1.0, 'pos': 0.0, 'compound': 0.0}"
177,2022-10-31 21:09:46+00:00,cannonballz017,"@elonmusk Using human capital from $TSLA at The Bird‚Ä¶.üëçüèª
Any Small Business owner does this all the time.
#smart","{'neg': 0.0, 'neu': 0.895, 'pos': 0.105, 'compound': 0.4019}"
178,2022-10-31 21:09:35+00:00,skitontop1,"$AMZN $FB $SHOP $FSLY $NKLA $QQQ $SPY $SPX $SHLL $GPS $M $NIO $NOVN $HAPP $CTRM $XSPA $KTOV $CBL $BHTG  $IDEX $KTOV $BOXL $NOVN $DXR $DIA $TSLA
We will give quick alerts to get you on top of everyone and make
join us https://t.co/MmIMKJgO2f https://t.co/Om52w3j5m9","{'neg': 0.0, 'neu': 0.913, 'pos': 0.087, 'compound': 0.4588}"
179,2022-10-31 21:09:26+00:00,NewsOnInvesting,"#StocksToBuy
When is #ELONMUSK going to buy his friends electric motorcycle company 
Alternet Systems ? $ALYI üèç

@elonmusk $TSLA #stocks $CHKR #EV #pennystocks #Tsla $META #Elon #stocks $DSGT $MULN $LUNC  $F $T $GM $NIO #Telsa $AAPL $AMD $twtr #jackpocket
https://t.co/jbk2Az8Z4r","{'neg': 0.0, 'neu': 0.926, 'pos': 0.074, 'compound': 0.4767}"
180,2022-10-31 21:09:24+00:00,Kdksnxdj7172,RT @montana_skeptic: The latest from @thunderf00t is so wonderful because it reminds me of so many Musk lies I had forgotten. It's not just‚Ä¶,"{'neg': 0.162, 'neu': 0.684, 'pos': 0.154, 'compound': 0.1968}"
181,2022-10-31 21:09:15+00:00,JamieMcullough,"RT @davidtayar5: Jim Chanos: Tesla Is a 'Hopes and Dreams' Stock, Elon Musk Is Distracted

üò≥üò≥

$TSLA https://t.co/9GKZ68opyi","{'neg': 0.093, 'neu': 0.695, 'pos': 0.212, 'compound': 0.4767}"
182,2022-10-31 21:09:12+00:00,MarcusVanCan,RT @StatsTesla: October 31 update. Highest observed MY MIG VIN in Norway 38982. Estimated #GigaBerlin production 3045/week based on deliver‚Ä¶,"{'neg': 0.0, 'neu': 1.0, 'pos': 0.0, 'compound': 0.0}"
183,2022-10-31 21:09:08+00:00,THEFIRM_CEO,"üì∞ Charging  For A Blue Verified Badge On Twitter: Will It Increase The Number of Bots? Benzinga TV Asks

$TSLA $TWTR

https://t.co/WhfUTZsdCh","{'neg': 0.0, 'neu': 0.847, 'pos': 0.153, 'compound': 0.3818}"
184,2022-10-31 21:08:59+00:00,skitontop1,"I've  made 36k  with them . If you really want to make a huge profit on trading .... Choose this professional chat:https://t.co/MmIMKJgO2f

$TSLA $NKLA $ROKU $AAPL $JPM $AMZN $MSFT $ZM https://t.co/IRyuFVR75X","{'neg': 0.0, 'neu': 0.805, 'pos': 0.195, 'compound': 0.6997}"
185,2022-10-31 21:08:49+00:00,daughtersdaddy9,"RT @fly4dat: 17k drop in backlog in 2 weeks despite almost zero deliveries in both Europe and China.

$TSLA $TSLAQ","{'neg': 0.1, 'neu': 0.9, 'pos': 0.0, 'compound': -0.2732}"
186,2022-10-31 21:08:43+00:00,skitontop1,"$NET
#Winner üí∏üí∞üí∏
https://t.co/MmIMKJgO2f
$NET gave us a nice pullback, on today 

$SPY $NDX $IWM $QQQ $BTC $ETH $AAPL $TSLA  $UPST $AMZN $AMD $PTON https://t.co/O1NmwlM1AU","{'neg': 0.0, 'neu': 0.82, 'pos': 0.18, 'compound': 0.765}"
187,2022-10-31 21:08:26+00:00,moi_o_see,"""Previously the best way to design a safe car was industry crash tests. But those are like a few grains of sand meant to represent the beach, but in reality the beach is infinitely complex""

 - $TSLA #Tesla

https://t.co/xUtgjrQXwg","{'neg': 0.041, 'neu': 0.784, 'pos': 0.175, 'compound': 0.714}"
188,2022-10-31 21:08:15+00:00,robertkao68,"Elon Musk has pulled more than 50 Tesla $TSLA employees into his Twitter takeover - Twitter employees say managers instructed them to üëâwork 12-hour shifts,ü§Æseven days a week to hit Musk‚Äôs aggressive deadlines and that their jobs are at stake https://t.co/kBi6RTddC4","{'neg': 0.034, 'neu': 0.966, 'pos': 0.0, 'compound': -0.1531}"
189,2022-10-31 21:08:14+00:00,JoinStockCast,Elon Musk has pulled more than 50 Tesla employees into his Twitter takeover https://t.co/w2tdo3JoPI $TSLA,"{'neg': 0.0, 'neu': 1.0, 'pos': 0.0, 'compound': 0.0}"
190,2022-10-31 21:08:10+00:00,StockMKTNewz,"Elon Musk has pulled more than 50 of his trusted Tesla $TSLA employees, mostly software engineers from the Autopilot team, into his Twitter takeover according to CNBC","{'neg': 0.0, 'neu': 0.893, 'pos': 0.107, 'compound': 0.4767}"
191,2022-10-31 21:08:07+00:00,skitontop1,"Another great week! I made over 66k, A big thank you to this community https://t.co/MmIMKJgO2f

$POLA $AAPL $NETE $TSLA $OEG $SPI $AAL $QQQ $ADXS $CBAT $AMD $SRNE $MSFT $VXRT $WKHS $SUNW $SPAQ $LCA $SBE $RAD $NETE $NKLA $SPY $GRAF $SHLL $PLUG $COST  $PENN $CODX $SSP $JBL $DRI https://t.co/rxjOM3qOzc","{'neg': 0.0, 'neu': 0.87, 'pos': 0.13, 'compound': 0.784}"
192,2022-10-31 21:07:24+00:00,TslaBot,"Tesla Inc closed at $227.54 (-0.43%) üìâ Market Cap is now $712.99B
$TSLA $TSLAQ #Tesla #TeslaMotors #NASDAQ #EV #Automotive #carsofinstragram #teslamodel3","{'neg': 0.0, 'neu': 1.0, 'pos': 0.0, 'compound': 0.0}"
193,2022-10-31 21:07:19+00:00,Vincent26574006,"RT @garyblack00: $TSLA fundamentals story remains extraordinary. 
- Global EV adoption is soaring 
- $7.5K US EV credit will stimulate EV a‚Ä¶","{'neg': 0.0, 'neu': 0.816, 'pos': 0.184, 'compound': 0.5423}"
194,2022-10-31 21:07:17+00:00,skitontop1,"Thanks for the alert &amp; updates
Best analysis so far

https://t.co/MmIMKJgO2f

$FB $LOVE $WORK $AAL $AMD $MNTA $GLD $TWR $SLV $XOM  $WMT $CCL $HD $TSLA $XLE $SPY $IWM $ES $WPX $BA $SPG $MCD $MFA $HTZ $AAPL $CHWY $QQQ $C $ES $AMC https://t.co/muHvFzNi9j","{'neg': 0.0, 'neu': 0.728, 'pos': 0.272, 'compound': 0.9353}"
195,2022-10-31 21:06:57+00:00,Huntertent1,"ÿ™ŸÇÿ±Ÿäÿ± ÿµŸÅŸÇÿßÿ™ŸÜÿß ÿßŸÑŸäŸàŸÖ 31/October       
#ÿÆŸäŸÖÿ©_ÿßŸÑÿµŸäŸëÿßÿØ #ÿßŸÑÿßÿ≥ŸáŸÖ_ÿßŸÑÿßŸÖÿ±ŸäŸÉŸäŸá #ÿßŸÑÿßŸàÿ®ÿ¥ŸÜ #ÿßŸÑÿ≥ŸàŸÇ_ÿßŸÑÿßŸÖÿ±ŸäŸÉŸä #ÿßŸÑÿßÿ≥ŸáŸÖ_ÿßŸÑÿ≥ÿπŸàÿØŸäŸá #ÿ™ÿßÿ≥Ÿä 
#Huntertent
 $GME $TSLA $AMC $SHOP $LCID $DIS $WMT $PYPL $UPST $MRNA $RIVN $COIN $BTC $TLRY $NFLX $ZM $AMZN
$QQQ $SPX $SPY
$VIX $UVXY https://t.co/aEoH4OnmK7","{'neg': 0.0, 'neu': 1.0, 'pos': 0.0, 'compound': 0.0}"
196,2022-10-31 21:06:54+00:00,JasonMaPhD,$TSLA https://t.co/JA3rrtjhxZ,"{'neg': 0.0, 'neu': 1.0, 'pos': 0.0, 'compound': 0.0}"
197,2022-10-31 21:06:54+00:00,LillianGeary5,"$tsla '''Top analyst price target for next week '''
https://t.co/vEtdCbmCet","{'neg': 0.0, 'neu': 0.833, 'pos': 0.167, 'compound': 0.2023}"
198,2022-10-31 21:06:40+00:00,skitontop1,"Follow us if you find our Alerts useful https://t.co/MmIMKJgO2f

$SPY $NDX $IWM $QQQ $BTC $ETH $AAPL $TSLA $AMC $NFLX $UPST $PLTR $SNAP $FB $BB https://t.co/59C8FJZdOm","{'neg': 0.0, 'neu': 0.892, 'pos': 0.108, 'compound': 0.4404}"
199,2022-10-31 21:06:30+00:00,Umbisam,"I suggest the whole $TSLA community to stop talking Twitter. Let‚Äôs put it behind us. It‚Äôs going to be a private affair for a few years. Let‚Äôs talk back about EVs, Bots, FSD &amp; autonomy, energy. That‚Äôs our mission.","{'neg': 0.053, 'neu': 0.896, 'pos': 0.051, 'compound': -0.0258}"
200,2022-10-31 21:06:25+00:00,skitontop1,"$SPY BUY THE DIP
https://t.co/MmIMKJgO2f

$MDLY $JILL  $GRIL $JAGX $INO  $BYFC $TSLA $SPY $BOXL $AAPL $AYRO $ACHV $ABUS $TLRY https://t.co/NoRTALEhwt","{'neg': 0.0, 'neu': 1.0, 'pos': 0.0, 'compound': 0.0}"
201,2022-10-31 21:05:50+00:00,skitontop1,"Follow us to get instant updates and free trading analysis https://t.co/MmIMKJgO2f

$SPY $NDX $IWM $QQQ $BTC $ETH $AAPL $TSLA $AMC $ROKU $AFRM $MRNA $NURO $AMD $NVDA https://t.co/xZwKaCKwn6","{'neg': 0.0, 'neu': 0.887, 'pos': 0.113, 'compound': 0.5106}"
202,2022-10-31 21:04:52+00:00,OptionsMaxPain,#Options #maxpain chart for $TSLA. Free options app https://t.co/EQL2cC6zjv https://t.co/Gj11VIgZul,"{'neg': 0.0, 'neu': 0.732, 'pos': 0.268, 'compound': 0.5106}"
203,2022-10-31 21:04:31+00:00,JasonMaPhD,"U.S. unveils $1 billion effort to electrify school buses - Grist 

Would @Tesla make electric buses üöå one day, ‚Å¶@elonmusk‚Å©? Will call it Model B, perhaps? $TSLA https://t.co/Kg3fcXuUUn","{'neg': 0.0, 'neu': 1.0, 'pos': 0.0, 'compound': 0.0}"
204,2022-10-31 21:04:25+00:00,beaker192,Daily chart bullish swing flagged for $TSLA on 10-31-2022 calculated after market close with unusual options flow. #bullishswing #TSLA #unusualoptionsflow #stockmarket #stocks #investing #trading https://t.co/6C6mrIv4kE,"{'neg': 0.0, 'neu': 1.0, 'pos': 0.0, 'compound': 0.0}"
205,2022-10-31 21:04:03+00:00,varbmosz,"Clownish #TSLAQAnon cultists just can't seem to get their stories straight. Constant contradictions.

One moment, Tesla is a legitimate company but overvalued, like Cisco.

The next, Tesla is just a fraud all the way, like Enron.

Can't even keep their FUD consistent, LOL.

$TSLA https://t.co/E8l2igURyg","{'neg': 0.173, 'neu': 0.619, 'pos': 0.208, 'compound': 0.2846}"
206,2022-10-31 21:03:58+00:00,FrenzyCapital,"Trending: Nasdaq 100

$GOOGL -1.66 %
$AAPL -1.48 %
$AMD -3.06 %
$AMZN -0.95 %
$NXPI -3.53 %
$MSFT -1.55 %
$QCOM -1.02 %
$TSLA -0.37 %
$ABNB -6.84 %
$EA -1.78 %

https://t.co/WV3qS0l6fi","{'neg': 0.0, 'neu': 1.0, 'pos': 0.0, 'compound': 0.0}"
207,2022-10-31 21:03:25+00:00,skitontop1,"$TSLA 
#WINNER
https://t.co/MmIMKJgO2f
Another early long entry on this one from our levels. Price flew past our target. #satisfied 

$SPY $NDX $IWM $QQQ $BTC $ETH $AAPL $TSLA  $NVDA $NFLX $PLTR $UPST $SNAP https://t.co/Ytvy4AxNUX","{'neg': 0.0, 'neu': 0.809, 'pos': 0.191, 'compound': 0.8091}"
208,2022-10-31 21:03:22+00:00,SolarCoinNews,"RT @carlquintanilla: A visual illustration of Tesla‚Äôs head start.

(via Morgan Stanley) $TSLA https://t.co/GY7HrB9y5i","{'neg': 0.0, 'neu': 1.0, 'pos': 0.0, 'compound': 0.0}"
209,2022-10-31 21:03:03+00:00,Investeraren,"RT @carlquintanilla: A visual illustration of Tesla‚Äôs head start.

(via Morgan Stanley) $TSLA https://t.co/GY7HrB9y5i","{'neg': 0.0, 'neu': 1.0, 'pos': 0.0, 'compound': 0.0}"
210,2022-10-31 21:02:58+00:00,apricotkinkuma,"$ABUS„ÄÄÂçòÈ®éÂæÖ„Å°„Åã„Çâ
$DEM $EWZ
$TSLA $DOCS $MQ
$NCNO $RKLB
$VIG
Â§ßÂûã„ÅØÈÄ£Á∂öÂ¢óÈÖç+„ÉÜ„Çπ„É©
„Éñ„É©„Ç∏„É´+Êñ∞ËààÂõΩÈÄÜÂºµ„Çä
Â∞èÂûãÊ±∫ÁÆóËêΩ„Å®„Åó„Å¶„Å™„ÅÑÁµÑ
+ÂÆáÂÆô„Å®Ë®¥Ë®ü
ÊÆã„Çä„ÅÆË≥áÈáë„ÅØFOMCÂæÖ„Å°","{'neg': 0.0, 'neu': 1.0, 'pos': 0.0, 'compound': 0.0}"
211,2022-10-31 21:02:57+00:00,ShakedC00955261,RT @Teslaconomics: There won‚Äôt be a close 2nd place. $TSLA https://t.co/1LHiGZwLuV,"{'neg': 0.0, 'neu': 1.0, 'pos': 0.0, 'compound': 0.0}"
212,2022-10-31 21:02:49+00:00,skitontop1,"Best discord group over 80k members and even have their own app join us 
https://t.co/MmIMKJgO2f

$SPY $NDX $IWM $QQQ $BTC $ETH $AAPL $TSLA $AMC $NAKD $SNAP $FB $AFRM $CRM $ROKU $PLTR $QS https://t.co/lhh7IS1JIR","{'neg': 0.069, 'neu': 0.767, 'pos': 0.164, 'compound': 0.5719}"
213,2022-10-31 21:02:31+00:00,skitontop1,"$SPX $SPY $ES_F $DJI $QQQ $NDX $FB $AMZN $AAPL $MSFT $NFLX $GOOGL $TSLA 
To stay updated with trading experts join here https://t.co/MmIMKJgO2f https://t.co/RrFoSxjp4K","{'neg': 0.0, 'neu': 0.909, 'pos': 0.091, 'compound': 0.296}"
214,2022-10-31 21:02:06+00:00,AndrewShakes1,"RT @carlquintanilla: A visual illustration of Tesla‚Äôs head start.

(via Morgan Stanley) $TSLA https://t.co/GY7HrB9y5i","{'neg': 0.0, 'neu': 1.0, 'pos': 0.0, 'compound': 0.0}"
215,2022-10-31 21:02:05+00:00,Dowstrademus,"$KGJI $NBEV $NCACW $OLITW $PBAXW $GMFIW $NPABW $TSLA $SPY $AAPL $GME $AMC - Get the Alert before the Move Automate, Sleep &amp; Earn with DRAT Smart Trader. Plan your trade.
https://t.co/yfMiXhVZqC
#dowstrademus #trading #stocks #option #options #DraTalerts #smarttrader https://t.co/oPGeLy1Y8B","{'neg': 0.0, 'neu': 0.883, 'pos': 0.117, 'compound': 0.5994}"
216,2022-10-31 21:01:57+00:00,thi1anne,RT @JayinShanghai: BREAKING: Tesla Model S Plaid will officially make its first appearance at the 5th China International Import Expo this‚Ä¶,"{'neg': 0.0, 'neu': 1.0, 'pos': 0.0, 'compound': 0.0}"
217,2022-10-31 21:01:56+00:00,Sentimedia_io,"Twitter's top mentioned tickers of the hour:
$AMZN
$COIN
$META
$GME
$AMC
$TSLA
$GM
$AAPL
$AMD
$NVDA

https://t.co/fSeLzH8x3V","{'neg': 0.0, 'neu': 0.904, 'pos': 0.096, 'compound': 0.2023}"
218,2022-10-31 21:01:22+00:00,TheGameGod7,"@rpeterson2317 @TFCNU2 @carlquintanilla $tsla cars are overpriced, legacy companies know how to build cars and with better materials, interiors, comfort.. etc. Tesla may have been first to market but their cars are falling behind in many categories","{'neg': 0.048, 'neu': 0.859, 'pos': 0.093, 'compound': 0.2023}"
219,2022-10-31 21:01:08+00:00,teslacito,"RT @PBRStreetGang7: Last Thoughts on Tesla

$TSLA is a risky stock to own, let‚Äôs dive into what‚Äôs going on (before I delete my account!)

A‚Ä¶","{'neg': 0.08, 'neu': 0.92, 'pos': 0.0, 'compound': -0.2714}"
220,2022-10-31 21:00:58+00:00,warrior_sand,"RT @carlquintanilla: A visual illustration of Tesla‚Äôs head start.

(via Morgan Stanley) $TSLA https://t.co/GY7HrB9y5i","{'neg': 0.0, 'neu': 1.0, 'pos': 0.0, 'compound': 0.0}"
221,2022-10-31 21:00:47+00:00,stenboo,@PBRStreetGang7 @TeslaHistorian good move of him to use Elons Twitter buy as a way out to not get mentioned in your future threads $TSLA $TSLAQ #Tesla,"{'neg': 0.0, 'neu': 0.896, 'pos': 0.104, 'compound': 0.4404}"
222,2022-10-31 21:00:47+00:00,3PeaksTrading,$TSLA also seasonally has had its best strength in November with 67% of time higher for an average gain in the month of +10.4% since its IPO in 2010. Best calendar month overall,"{'neg': 0.0, 'neu': 0.659, 'pos': 0.341, 'compound': 0.9432}"
223,2022-10-31 21:00:42+00:00,Stonks_bot22,"$TSLA
UPDATE 2-Elon Musk's SpaceX expects first Starship launch to orbit this year -NASA
https://t.co/PY4u7VNb3K","{'neg': 0.0, 'neu': 1.0, 'pos': 0.0, 'compound': 0.0}"
224,2022-10-31 21:00:40+00:00,Interstocking,"T.I live scanner. Gappers, Scanning, Charting, Relative Strength, and more:&gt; https://t.co/rpMoWWEdNs 

#StockMarket 
$SPY 
$SPX 
$TSLA 
$AMZN 
$AMC 
$SPX 
$GME 
$NIO 
$AAPL 
$GOOGL 
$NFLX 
$AMD 
$GME 
$BABA 
$BTC 
$QQQ 
$WMT 
$PYPL 
$BA 
$BABA 
$NVDA 
$GME 
#Bitcoin 
#stocks https://t.co/0sbEIm5rbt","{'neg': 0.0, 'neu': 0.918, 'pos': 0.082, 'compound': 0.4939}"
225,2022-10-31 21:00:38+00:00,Stonks_bot22,"$TSLA
Tesla Talked to Glencore About Buying Stake in the Miner
https://t.co/4c3DXrBOgn","{'neg': 0.0, 'neu': 1.0, 'pos': 0.0, 'compound': 0.0}"
226,2022-10-31 21:00:31+00:00,skitontop1,"STOCK, OPTIONS updates, alerts Free chatroom
Don't forget to take a trial! 
https://t.co/MmIMKJgO2f

$SPY $BABA $DVAX $ACB $OSTK $TRIL $LK $CODX  $PENN $NVAX $NIO $AAL $NKLA $MSFT $AAPL $AMZN $TSLA $CCL $BILI $CVNA $DAL $TWTR https://t.co/dpxMbmB71c","{'neg': 0.0, 'neu': 0.866, 'pos': 0.134, 'compound': 0.6437}"
227,2022-10-31 21:00:22+00:00,a_seditious,"@bhagholder @modest_engineer @blainehodder @chancery_daily Exactly ü•π 

He‚Äôll prob have to sell more $TSLA. The banks won‚Äôt touch it. 

I‚Äôm also curious how he fired the Twitter execs ‚Äúfor cause.‚Äù I wonder what their contracts said. How can you, as the CEO, be fired ‚Äúfor cause‚Äù when you just made all your shareholders so much cash?","{'neg': 0.117, 'neu': 0.846, 'pos': 0.037, 'compound': -0.7096}"
228,2022-10-31 21:00:18+00:00,fintwit_synapse,"‚ö†Ô∏è ùòàùò≠ùò≠ ùòöùòµùò∞ùò§ùò¨ùò¥:

1. $SPY ü•á
2. $GME ü•à
3. $QQQ ü•â
4. $TSLA
5. $ANET
6. $IWM
7. $META
8. $SYK
9. $SPX
10. $KKR

Free Telegram:
https://t.co/SC95r38gPz

#fintwit #wallstreetbets #stocks

( Sorted by last hour ) https://t.co/xev0NdHJuy","{'neg': 0.0, 'neu': 0.765, 'pos': 0.235, 'compound': 0.9118}"
229,2022-10-31 21:00:06+00:00,DasFintechBot,"RT @thuhkang: Today's Most Active Calls...

$TSLA $META $AMZN $LVS $UBER

üëâhttps://t.co/2s8fBPWEHe

#options #stockmarket #wallstreet #nasd‚Ä¶","{'neg': 0.0, 'neu': 0.857, 'pos': 0.143, 'compound': 0.4576}"
230,2022-10-31 21:00:03+00:00,Mini_Tradzc,"Use this in your trading today! 

‚ÄúDescending Triangle‚Äù 

$SPY $QQQ $TSLA https://t.co/sLyosHLuhO","{'neg': 0.0, 'neu': 1.0, 'pos': 0.0, 'compound': 0.0}"
231,2022-10-31 21:00:02+00:00,thuhkang,"Today's Most Active Calls...

$TSLA $META $AMZN $LVS $UBER

üëâhttps://t.co/2s8fBPWEHe

#options #stockmarket #wallstreet #nasdaq #nyse #fintech #blackbox https://t.co/ZCDFJVIfFq","{'neg': 0.0, 'neu': 0.87, 'pos': 0.13, 'compound': 0.4576}"
232,2022-10-31 21:00:02+00:00,30million_in20s,"„Äê1„ÅãÊúàÊ†™‰æ°ÊåØ„ÇäËøî„Çä„Äë

‚úÖÂ§ö„Åè„ÅÆÈäòÊüÑ„Åå‰∏äÊòá
‚úÖGAFAM( $AAPL „ÇíÈô§„Åè)„ÅØ‰∏ãËêΩ
‚úÖ $META Ôºö-27.28%
‚úÖ $TSLA Ôºö-14.80%
‚úÖ $AMZN Ôºö-9.92%

ÁµåÊ∏àÊåáÊ®ô
‚úÖÂ§±Ê•≠ÁéáÔºö3.5%„Åæ„Åß‰∏ãËêΩ
‚úÖCPI(„Ç§„É≥„Éï„É¨Áéá)Ôºö+8.2%
‚úÖ11ÊúàFOMC„Åß„ÅÆÂà©‰∏ä„Åí‰∫àÊÉ≥Ôºö0.75%

#ÊäïË≥áÂÆ∂„Åï„Çì„Å®Áπã„Åå„Çä„Åü„ÅÑ #Á±≥ÂõΩÊ†™ https://t.co/fL1hjtvjcV","{'neg': 0.0, 'neu': 1.0, 'pos': 0.0, 'compound': 0.0}"
233,2022-10-31 21:00:01+00:00,yoloption,"@fudd5239 $TSLA is a story/cult stock. Fundamentals and macro impact it less than how the narrative is holding up. So far the narrative is holding up pretty well, even though cracks are starting to emerge.","{'neg': 0.0, 'neu': 0.862, 'pos': 0.138, 'compound': 0.6486}"
234,2022-10-31 21:00:00+00:00,NFTRubberDucky,"RT @EarningCallElon: Since the announcement that he was joining the $TSLA board earlier this month, Joseph Gebbia has dumped more than a ha‚Ä¶","{'neg': 0.109, 'neu': 0.891, 'pos': 0.0, 'compound': -0.4019}"
235,2022-10-31 20:59:59+00:00,dratindexoption,$KGJI $NBEV $NCACW Put your portfolio on the right path with our #stocks trade alerts. Try it now for 14 days. No credit card required. #FinTwit #trading $TSLA $GME $AMZN https://t.co/oNHl030mvs,"{'neg': 0.068, 'neu': 0.932, 'pos': 0.0, 'compound': -0.2924}"
236,2022-10-31 20:59:58+00:00,Dowstrademus,$KGJI $NBEV $NCACW Put your portfolio on the right path with our #stocks trade alerts. Try it now for 14 days. No credit card required. #FinTwit #trading $TSLA $GME $AMZN https://t.co/vChQ9nIxYm,"{'neg': 0.068, 'neu': 0.932, 'pos': 0.0, 'compound': -0.2924}"
237,2022-10-31 20:59:58+00:00,DraTalerts,$KGJI $NBEV $NCACW Put your portfolio on the right path with our #stocks trade alerts. Try it now for 14 days. No credit card required. #FinTwit #trading $TSLA $GME $AMZN https://t.co/q12eUfUNBY,"{'neg': 0.068, 'neu': 0.932, 'pos': 0.0, 'compound': -0.2924}"
238,2022-10-31 20:59:57+00:00,DratSmartTrader,$KGJI $NBEV $NCACW Put your portfolio on the right path with our #stocks trade alerts. Try it now for 14 days. No credit card required. #FinTwit #trading $TSLA $GME $AMZN https://t.co/GQt09KBY33,"{'neg': 0.068, 'neu': 0.932, 'pos': 0.0, 'compound': -0.2924}"
239,2022-10-31 20:59:56+00:00,skitontop1,"Alerts given
Trading Chat on Discord!üëá

https://t.co/MmIMKJgO2f

JOIN for FREE ‚úÖ

üí∏
$SPY $QQQ $AMZN $NVDA $BA $TSLA $BABA $AMD $AAPL $NFLX $TWTR $AAL $FB $USO $DAL $UBER $UGAZ $DIS $ROKU $CRON $DJIA $SPX $TLRY $SQ $MSFT $GLD $SRNE $SPCE $XOM $NIO $BYND $AMRN $UBER $BRKB $JWN https://t.co/XlUOfqp7ZI","{'neg': 0.042, 'neu': 0.844, 'pos': 0.113, 'compound': 0.6765}"
240,2022-10-31 20:59:43+00:00,Interstocking,"T.I live scanner. Gappers, Scanning, Charting, Relative Strength, and more:&gt; https://t.co/rpMoWWEdNs 

#StockMarket 
$SPY 
$SPX 
$TSLA 
$AMZN 
$AMC 
$SPX 
$GME 
$NIO 
$AAPL 
$GOOGL 
$NFLX 
$AMD 
$GME 
$BABA 
$BTC 
$QQQ 
$WMT 
$PYPL 
$BA 
$BABA 
$NVDA 
$GME 
#Bitcoin 
#stocks https://t.co/wWQMh6LMn5","{'neg': 0.0, 'neu': 0.918, 'pos': 0.082, 'compound': 0.4939}"
241,2022-10-31 20:59:36+00:00,inforthelong,"""Tesla solar panels have generated more electricity than has been consumed by our vehicles and factories between 2012 and 2021.""

Still hard to wrap my head around this. 

#Tesla $TSLA","{'neg': 0.046, 'neu': 0.954, 'pos': 0.0, 'compound': -0.1027}"
242,2022-10-31 20:59:36+00:00,skitontop1,"Good morning traders! üåû

No changes to the plan today! 
https://t.co/MmIMKJgO2f
Best of luck üçÄüçÄüçÄ

$SPY $NDX $IWM $QQQ $BTC $ETH $AAPL $TSLA https://t.co/GkOdh0Co1D","{'neg': 0.051, 'neu': 0.7, 'pos': 0.249, 'compound': 0.8585}"
243,2022-10-31 20:59:21+00:00,skitontop1,"‚ÄúInvest in what you consume‚Äù - Sha Osman
https://t.co/MmIMKJgO2f

$LCID $AMZN $MSFT $HCMC $AAPL $SPY $TSLA https://t.co/SpRzQFyham","{'neg': 0.0, 'neu': 1.0, 'pos': 0.0, 'compound': 0.0}"
244,2022-10-31 20:59:18+00:00,MrStonkington,"11/1 watchlist. trade at your own risk

$NVDA &gt; 136.5 &lt; 134.25. Daily IB. small DP 134.97
$AAPL &gt; 154 &lt; 153.19 (DP). Daily IB. possible hrly bull flag
$TSLA &gt; 229 &lt; 226 (DP). 

https://t.co/ifZmkaPJrE

@BlackBoxStocks @HellsBellsBBS @benderprofitbox @DaSunman8 @encyphor https://t.co/sP3B0QqBdU","{'neg': 0.049, 'neu': 0.951, 'pos': 0.0, 'compound': -0.2732}"
245,2022-10-31 20:59:03+00:00,skitontop1,"Thanks &gt;https://t.co/MmIMKJgO2f
earn around $9k thanks

$TSLA $FREE $VXRT $WKHS $TRIL $CCXX $LCA $OPTN $BLNK $INO $AMZN  $NKLA $SAVE $VRM $TRIL  $BBAR $STNG $GLUU $ZNGA $AAPL $BYND $MRNA $NOK $OXY $CRON $RCL $SPY $PENN $GMBL $CRNC $RGR $XLF $WFC $SPOT $UBER $GNUS https://t.co/j5aINXcuzW","{'neg': 0.0, 'neu': 0.739, 'pos': 0.261, 'compound': 0.9296}"
246,2022-10-31 20:58:48+00:00,ScottCharles_,"RT @carlquintanilla: A visual illustration of Tesla‚Äôs head start.

(via Morgan Stanley) $TSLA https://t.co/GY7HrB9y5i","{'neg': 0.0, 'neu': 1.0, 'pos': 0.0, 'compound': 0.0}"
247,2022-10-31 20:58:46+00:00,Interstocking,"T.I live scanner. Gappers, Scanning, Charting, Relative Strength, and more:&gt; https://t.co/rpMoWWEdNs 

#StockMarket 
$SPY 
$SPX 
$TSLA 
$AMZN 
$AMC 
$SPX 
$GME 
$NIO 
$AAPL 
$GOOGL 
$NFLX 
$AMD 
$GME 
$BABA 
$BTC 
$QQQ 
$WMT 
$PYPL 
$BA 
$BABA 
$NVDA 
$GME 
#Bitcoin 
#stocks https://t.co/7V8DWB3Dho","{'neg': 0.0, 'neu': 0.918, 'pos': 0.082, 'compound': 0.4939}"
248,2022-10-31 20:58:45+00:00,ScottCharles_,"RT @garyblack00: $TSLA fundamentals story remains extraordinary. 
- Global EV adoption is soaring 
- $7.5K US EV credit will stimulate EV a‚Ä¶","{'neg': 0.0, 'neu': 0.816, 'pos': 0.184, 'compound': 0.5423}"
249,2022-10-31 20:58:42+00:00,ScottCharles_,"RT @HeartDocTesla: The S&amp;P is back to its September 19 level.  

$TSLA at $228 is still some 27% below it price on that day at $309.

This‚Ä¶","{'neg': 0.0, 'neu': 1.0, 'pos': 0.0, 'compound': 0.0}"
